INSERT INTO game_states
VALUES ('false','Damien',1,'On-Going','2020-06-23 18:00:00+07','2020-06-23 18:00:00+07');
INSERT INTO game_states
VALUES ('false','Damien',2,'Finished','2020-06-23 18:00:00+07','2020-06-23 18:00:00+07');

INSERT INTO draft_ways
VALUES ('false','Damien',1,'Right - Increasing','2020-07-17 08:00:00+07','2020-07-17 08:00:00+07');
INSERT INTO draft_ways
VALUES ('false','Damien',2,'Left - Decreasing','2020-07-17 08:00:00+07','2020-07-17 08:00:00+07');

INSERT INTO leagues(deleted_row,updatedby,id,name,"createdAt","updatedAt") VALUES (FALSE,'Damien',1,'French League 1','2020-06-17 09:00:00+07','2020-06-17 09:00:00+07');

INSERT INTO clubs(deleted_row,updatedby,id,name,league_id,"createdAt","updatedAt") VALUES ('FALSE','Damien',1,'Angers',1,'2020-06-17 09:00:00+07','2020-06-17 09:00:00+07');
INSERT INTO clubs(deleted_row,updatedby,id,name,league_id,"createdAt","updatedAt") VALUES ('FALSE','Damien',2,'Bordeaux',1,'2020-06-17 09:00:00+07','2020-06-17 09:00:00+07');
INSERT INTO clubs(deleted_row,updatedby,id,name,league_id,"createdAt","updatedAt") VALUES ('FALSE','Damien',3,'Brest',1,'2020-06-17 09:00:00+07','2020-06-17 09:00:00+07');
INSERT INTO clubs(deleted_row,updatedby,id,name,league_id,"createdAt","updatedAt") VALUES ('FALSE','Damien',4,'Dijon',1,'2020-06-17 09:00:00+07','2020-06-17 09:00:00+07');
INSERT INTO clubs(deleted_row,updatedby,id,name,league_id,"createdAt","updatedAt") VALUES ('FALSE','Damien',5,'Lens',1,'2020-06-17 09:00:00+07','2020-06-17 09:00:00+07');
INSERT INTO clubs(deleted_row,updatedby,id,name,league_id,"createdAt","updatedAt") VALUES ('FALSE','Damien',6,'Lille',1,'2020-06-17 09:00:00+07','2020-06-17 09:00:00+07');
INSERT INTO clubs(deleted_row,updatedby,id,name,league_id,"createdAt","updatedAt") VALUES ('FALSE','Damien',7,'Lorient',1,'2020-06-17 09:00:00+07','2020-06-17 09:00:00+07');
INSERT INTO clubs(deleted_row,updatedby,id,name,league_id,"createdAt","updatedAt") VALUES ('FALSE','Damien',8,'Lyon',1,'2020-06-17 09:00:00+07','2020-06-17 09:00:00+07');
INSERT INTO clubs(deleted_row,updatedby,id,name,league_id,"createdAt","updatedAt") VALUES ('FALSE','Damien',9,'Marseille',1,'2020-06-17 09:00:00+07','2020-06-17 09:00:00+07');
INSERT INTO clubs(deleted_row,updatedby,id,name,league_id,"createdAt","updatedAt") VALUES ('FALSE','Damien',10,'Metz',1,'2020-06-17 09:00:00+07','2020-06-17 09:00:00+07');
INSERT INTO clubs(deleted_row,updatedby,id,name,league_id,"createdAt","updatedAt") VALUES ('FALSE','Damien',11,'Monaco',1,'2020-06-17 09:00:00+07','2020-06-17 09:00:00+07');
INSERT INTO clubs(deleted_row,updatedby,id,name,league_id,"createdAt","updatedAt") VALUES ('FALSE','Damien',12,'Montpellier',1,'2020-06-17 09:00:00+07','2020-06-17 09:00:00+07');
INSERT INTO clubs(deleted_row,updatedby,id,name,league_id,"createdAt","updatedAt") VALUES ('FALSE','Damien',13,'Nantes',1,'2020-06-17 09:00:00+07','2020-06-17 09:00:00+07');
INSERT INTO clubs(deleted_row,updatedby,id,name,league_id,"createdAt","updatedAt") VALUES ('FALSE','Damien',14,'Nice',1,'2020-06-17 09:00:00+07','2020-06-17 09:00:00+07');
INSERT INTO clubs(deleted_row,updatedby,id,name,league_id,"createdAt","updatedAt") VALUES ('FALSE','Damien',15,'Nimes',1,'2020-06-17 09:00:00+07','2020-06-17 09:00:00+07');
INSERT INTO clubs(deleted_row,updatedby,id,name,league_id,"createdAt","updatedAt") VALUES ('FALSE','Damien',16,'Paris',1,'2020-06-17 09:00:00+07','2020-06-17 09:00:00+07');
INSERT INTO clubs(deleted_row,updatedby,id,name,league_id,"createdAt","updatedAt") VALUES ('FALSE','Damien',17,'Reims',1,'2020-06-17 09:00:00+07','2020-06-17 09:00:00+07');
INSERT INTO clubs(deleted_row,updatedby,id,name,league_id,"createdAt","updatedAt") VALUES ('FALSE','Damien',18,'Rennes',1,'2020-06-17 09:00:00+07','2020-06-17 09:00:00+07');
INSERT INTO clubs(deleted_row,updatedby,id,name,league_id,"createdAt","updatedAt") VALUES ('FALSE','Damien',19,'Saint-Etienne',1,'2020-06-17 09:00:00+07','2020-06-17 09:00:00+07');
INSERT INTO clubs(deleted_row,updatedby,id,name,league_id,"createdAt","updatedAt") VALUES ('FALSE','Damien',20,'Strasbourg',1,'2020-06-17 09:00:00+07','2020-06-17 09:00:00+07');

INSERT INTO positions(deleted_row,updatedby,id,name,"createdAt","updatedAt") VALUES ('FALSE','Damien',1,'GoalKeeper','2020-06-17 09:00:00+07','2020-06-17 09:00:00+07');
INSERT INTO positions(deleted_row,updatedby,id,name,"createdAt","updatedAt") VALUES ('FALSE','Damien',2,'Defender - Center back','2020-06-17 09:00:00+07','2020-06-17 09:00:00+07');
INSERT INTO positions(deleted_row,updatedby,id,name,"createdAt","updatedAt") VALUES ('FALSE','Damien',3,'Defender - Wing back','2020-06-17 09:00:00+07','2020-06-17 09:00:00+07');
INSERT INTO positions(deleted_row,updatedby,id,name,"createdAt","updatedAt") VALUES ('FALSE','Damien',4,'Midfielder - Defensive','2020-06-17 09:00:00+07','2020-06-17 09:00:00+07');
INSERT INTO positions(deleted_row,updatedby,id,name,"createdAt","updatedAt") VALUES ('FALSE','Damien',5,'Midfielder -  Offensive','2020-06-17 09:00:00+07','2020-06-17 09:00:00+07');
INSERT INTO positions(deleted_row,updatedby,id,name,"createdAt","updatedAt") VALUES ('FALSE','Damien',6,'Striker','2020-06-17 09:00:00+07','2020-06-17 09:00:00+07');

INSERT INTO players(deleted_row,updatedby,id,name,position_id,club_id,rate,goal,price,start_line_up,"createdAt","updatedAt") VALUES ('FALSE','Damien',1,'Mbappe Kylian',6,16,7.3,2,43,50,'2020-06-17 09:00:00+07','2020-06-17 09:00:00+07');
INSERT INTO players(deleted_row,updatedby,id,name,position_id,club_id,rate,goal,price,start_line_up,"createdAt","updatedAt") VALUES ('FALSE','Damien',2,'Neymar ',6,16,6,2,41,50,'2020-06-17 09:00:00+07','2020-06-17 09:00:00+07');
INSERT INTO players(deleted_row,updatedby,id,name,position_id,club_id,rate,goal,price,start_line_up,"createdAt","updatedAt") VALUES ('FALSE','Damien',3,'Ben Yedder Wissam',6,11,5.3,3,40,100,'2020-06-17 09:00:00+07','2020-06-17 09:00:00+07');
INSERT INTO players(deleted_row,updatedby,id,name,position_id,club_id,rate,goal,price,start_line_up,"createdAt","updatedAt") VALUES ('FALSE','Damien',4,'Di Maria Angel',5,16,6,1,34,67,'2020-06-17 09:00:00+07','2020-06-17 09:00:00+07');
INSERT INTO players(deleted_row,updatedby,id,name,position_id,club_id,rate,goal,price,start_line_up,"createdAt","updatedAt") VALUES ('FALSE','Damien',5,'Icardi Mauro',6,16,6,2,33,67,'2020-06-17 09:00:00+07','2020-06-17 09:00:00+07');
INSERT INTO players(deleted_row,updatedby,id,name,position_id,club_id,rate,goal,price,start_line_up,"createdAt","updatedAt") VALUES ('FALSE','Damien',6,'Bouanga Denis',5,19,5.3,2,29,100,'2020-06-17 09:00:00+07','2020-06-17 09:00:00+07');
INSERT INTO players(deleted_row,updatedby,id,name,position_id,club_id,rate,goal,price,start_line_up,"createdAt","updatedAt") VALUES ('FALSE','Damien',7,'Payet Dimitri',5,9,5.2,1,28,83,'2020-06-17 09:00:00+07','2020-06-17 09:00:00+07');
INSERT INTO players(deleted_row,updatedby,id,name,position_id,club_id,rate,goal,price,start_line_up,"createdAt","updatedAt") VALUES ('FALSE','Damien',8,'Savanier Teji',4,12,6.2,3,27,100,'2020-06-17 09:00:00+07','2020-06-17 09:00:00+07');
INSERT INTO players(deleted_row,updatedby,id,name,position_id,club_id,rate,goal,price,start_line_up,"createdAt","updatedAt") VALUES ('FALSE','Damien',9,'Benitez Walter',1,14,6.1,0,27,100,'2020-06-17 09:00:00+07','2020-06-17 09:00:00+07');
INSERT INTO players(deleted_row,updatedby,id,name,position_id,club_id,rate,goal,price,start_line_up,"createdAt","updatedAt") VALUES ('FALSE','Damien',10,'Marquinhos ',2,16,6.1,1,26,67,'2020-06-17 09:00:00+07','2020-06-17 09:00:00+07');
INSERT INTO players(deleted_row,updatedby,id,name,position_id,club_id,rate,goal,price,start_line_up,"createdAt","updatedAt") VALUES ('FALSE','Damien',11,'Sanson Morgan',5,9,5.8,1,26,83,'2020-06-17 09:00:00+07','2020-06-17 09:00:00+07');
INSERT INTO players(deleted_row,updatedby,id,name,position_id,club_id,rate,goal,price,start_line_up,"createdAt","updatedAt") VALUES ('FALSE','Damien',12,'Oukidja Alexandre',1,10,5.8,0,25,100,'2020-06-17 09:00:00+07','2020-06-17 09:00:00+07');
INSERT INTO players(deleted_row,updatedby,id,name,position_id,club_id,rate,goal,price,start_line_up,"createdAt","updatedAt") VALUES ('FALSE','Damien',13,'Delort Andy',6,12,6.1,3,25,83,'2020-06-17 09:00:00+07','2020-06-17 09:00:00+07');
INSERT INTO players(deleted_row,updatedby,id,name,position_id,club_id,rate,goal,price,start_line_up,"createdAt","updatedAt") VALUES ('FALSE','Damien',14,'Navas Keylor',1,16,6,0,24,67,'2020-06-17 09:00:00+07','2020-06-17 09:00:00+07');
INSERT INTO players(deleted_row,updatedby,id,name,position_id,club_id,rate,goal,price,start_line_up,"createdAt","updatedAt") VALUES ('FALSE','Damien',15,'Mandanda Steve',1,9,5.6,0,24,100,'2020-06-17 09:00:00+07','2020-06-17 09:00:00+07');
INSERT INTO players(deleted_row,updatedby,id,name,position_id,club_id,rate,goal,price,start_line_up,"createdAt","updatedAt") VALUES ('FALSE','Damien',16,'Rajkovic Predrag',1,17,5.4,0,24,100,'2020-06-17 09:00:00+07','2020-06-17 09:00:00+07');
INSERT INTO players(deleted_row,updatedby,id,name,position_id,club_id,rate,goal,price,start_line_up,"createdAt","updatedAt") VALUES ('FALSE','Damien',17,'Maignan Mike',1,6,5.9,0,24,100,'2020-06-17 09:00:00+07','2020-06-17 09:00:00+07');
INSERT INTO players(deleted_row,updatedby,id,name,position_id,club_id,rate,goal,price,start_line_up,"createdAt","updatedAt") VALUES ('FALSE','Damien',18,'Guirassy Serhou',6,18,5.8,4,24,83,'2020-06-17 09:00:00+07','2020-06-17 09:00:00+07');
INSERT INTO players(deleted_row,updatedby,id,name,position_id,club_id,rate,goal,price,start_line_up,"createdAt","updatedAt") VALUES ('FALSE','Damien',19,'Ferhat Zinedine',5,15,6.6,3,24,100,'2020-06-17 09:00:00+07','2020-06-17 09:00:00+07');
INSERT INTO players(deleted_row,updatedby,id,name,position_id,club_id,rate,goal,price,start_line_up,"createdAt","updatedAt") VALUES ('FALSE','Damien',20,'Dolberg Kasper',6,14,4.8,2,24,83,'2020-06-17 09:00:00+07','2020-06-17 09:00:00+07');
INSERT INTO players(deleted_row,updatedby,id,name,position_id,club_id,rate,goal,price,start_line_up,"createdAt","updatedAt") VALUES ('FALSE','Damien',21,'Costil Benoit',1,2,5.9,0,23,100,'2020-06-17 09:00:00+07','2020-06-17 09:00:00+07');
INSERT INTO players(deleted_row,updatedby,id,name,position_id,club_id,rate,goal,price,start_line_up,"createdAt","updatedAt") VALUES ('FALSE','Damien',22,'Verratti Marco',4,16,5.7,0,23,67,'2020-06-17 09:00:00+07','2020-06-17 09:00:00+07');
INSERT INTO players(deleted_row,updatedby,id,name,position_id,club_id,rate,goal,price,start_line_up,"createdAt","updatedAt") VALUES ('FALSE','Damien',23,'Idrissa Gueye ',4,16,5.7,1,23,67,'2020-06-17 09:00:00+07','2020-06-17 09:00:00+07');
INSERT INTO players(deleted_row,updatedby,id,name,position_id,club_id,rate,goal,price,start_line_up,"createdAt","updatedAt") VALUES ('FALSE','Damien',24,'Maiga Habib',4,10,5.6,0,23,100,'2020-06-17 09:00:00+07','2020-06-17 09:00:00+07');
INSERT INTO players(deleted_row,updatedby,id,name,position_id,club_id,rate,goal,price,start_line_up,"createdAt","updatedAt") VALUES ('FALSE','Damien',25,'Lees-Melou Pierre',5,14,5.6,0,23,100,'2020-06-17 09:00:00+07','2020-06-17 09:00:00+07');
INSERT INTO players(deleted_row,updatedby,id,name,position_id,club_id,rate,goal,price,start_line_up,"createdAt","updatedAt") VALUES ('FALSE','Damien',26,'Wissa Yoane',6,7,5.8,3,23,100,'2020-06-17 09:00:00+07','2020-06-17 09:00:00+07');
INSERT INTO players(deleted_row,updatedby,id,name,position_id,club_id,rate,goal,price,start_line_up,"createdAt","updatedAt") VALUES ('FALSE','Damien',27,'Oudin Remi',5,2,5.8,1,23,67,'2020-06-17 09:00:00+07','2020-06-17 09:00:00+07');
INSERT INTO players(deleted_row,updatedby,id,name,position_id,club_id,rate,goal,price,start_line_up,"createdAt","updatedAt") VALUES ('FALSE','Damien',28,'Thauvin Florian',5,9,5.8,2,22,100,'2020-06-17 09:00:00+07','2020-06-17 09:00:00+07');
INSERT INTO players(deleted_row,updatedby,id,name,position_id,club_id,rate,goal,price,start_line_up,"createdAt","updatedAt") VALUES ('FALSE','Damien',29,'Mollet Florent',5,12,4.7,1,22,17,'2020-06-17 09:00:00+07','2020-06-17 09:00:00+07');
INSERT INTO players(deleted_row,updatedby,id,name,position_id,club_id,rate,goal,price,start_line_up,"createdAt","updatedAt") VALUES ('FALSE','Damien',30,'Rongier Valentin',4,9,5.3,0,22,83,'2020-06-17 09:00:00+07','2020-06-17 09:00:00+07');
INSERT INTO players(deleted_row,updatedby,id,name,position_id,club_id,rate,goal,price,start_line_up,"createdAt","updatedAt") VALUES ('FALSE','Damien',31,'Aouar Houssem',5,8,5.3,1,22,50,'2020-06-17 09:00:00+07','2020-06-17 09:00:00+07');
INSERT INTO players(deleted_row,updatedby,id,name,position_id,club_id,rate,goal,price,start_line_up,"createdAt","updatedAt") VALUES ('FALSE','Damien',32,'Kakuta Gael',5,5,6.4,4,21,100,'2020-06-17 09:00:00+07','2020-06-17 09:00:00+07');
INSERT INTO players(deleted_row,updatedby,id,name,position_id,club_id,rate,goal,price,start_line_up,"createdAt","updatedAt") VALUES ('FALSE','Damien',33,'Benedetto Dario',6,9,4.2,0,21,67,'2020-06-17 09:00:00+07','2020-06-17 09:00:00+07');
INSERT INTO players(deleted_row,updatedby,id,name,position_id,club_id,rate,goal,price,start_line_up,"createdAt","updatedAt") VALUES ('FALSE','Damien',34,'Abdelhamid Yunis',2,17,4.3,1,21,83,'2020-06-17 09:00:00+07','2020-06-17 09:00:00+07');
INSERT INTO players(deleted_row,updatedby,id,name,position_id,club_id,rate,goal,price,start_line_up,"createdAt","updatedAt") VALUES ('FALSE','Damien',35,'Laborde Gaetan',6,12,6.1,2,21,100,'2020-06-17 09:00:00+07','2020-06-17 09:00:00+07');
INSERT INTO players(deleted_row,updatedby,id,name,position_id,club_id,rate,goal,price,start_line_up,"createdAt","updatedAt") VALUES ('FALSE','Damien',36,'Niane Ibrahima',6,10,5.7,6,21,100,'2020-06-17 09:00:00+07','2020-06-17 09:00:00+07');
INSERT INTO players(deleted_row,updatedby,id,name,position_id,club_id,rate,goal,price,start_line_up,"createdAt","updatedAt") VALUES ('FALSE','Damien',37,'Dante ',2,14,5.3,2,20,100,'2020-06-17 09:00:00+07','2020-06-17 09:00:00+07');
INSERT INTO players(deleted_row,updatedby,id,name,position_id,club_id,rate,goal,price,start_line_up,"createdAt","updatedAt") VALUES ('FALSE','Damien',38,'Traore Ismael',2,1,4.9,3,20,100,'2020-06-17 09:00:00+07','2020-06-17 09:00:00+07');
INSERT INTO players(deleted_row,updatedby,id,name,position_id,club_id,rate,goal,price,start_line_up,"createdAt","updatedAt") VALUES ('FALSE','Damien',39,'Leca Jean-Louis',1,5,5.3,0,20,100,'2020-06-17 09:00:00+07','2020-06-17 09:00:00+07');
INSERT INTO players(deleted_row,updatedby,id,name,position_id,club_id,rate,goal,price,start_line_up,"createdAt","updatedAt") VALUES ('FALSE','Damien',40,'Da Silva Damien',2,18,5.7,2,20,100,'2020-06-17 09:00:00+07','2020-06-17 09:00:00+07');
INSERT INTO players(deleted_row,updatedby,id,name,position_id,club_id,rate,goal,price,start_line_up,"createdAt","updatedAt") VALUES ('FALSE','Damien',41,'Nzonzi Steven',4,18,5.6,1,20,100,'2020-06-17 09:00:00+07','2020-06-17 09:00:00+07');
INSERT INTO players(deleted_row,updatedby,id,name,position_id,club_id,rate,goal,price,start_line_up,"createdAt","updatedAt") VALUES ('FALSE','Damien',42,'Lecomte Benjamin',1,11,5.3,0,20,83,'2020-06-17 09:00:00+07','2020-06-17 09:00:00+07');
INSERT INTO players(deleted_row,updatedby,id,name,position_id,club_id,rate,goal,price,start_line_up,"createdAt","updatedAt") VALUES ('FALSE','Damien',43,'Gomis Alfred',1,18,5.7,0,20,83,'2020-06-17 09:00:00+07','2020-06-17 09:00:00+07');
INSERT INTO players(deleted_row,updatedby,id,name,position_id,club_id,rate,goal,price,start_line_up,"createdAt","updatedAt") VALUES ('FALSE','Damien',44,'Depay Memphis',6,8,5.4,4,20,50,'2020-06-17 09:00:00+07','2020-06-17 09:00:00+07');
INSERT INTO players(deleted_row,updatedby,id,name,position_id,club_id,rate,goal,price,start_line_up,"createdAt","updatedAt") VALUES ('FALSE','Damien',45,'Dembele Moussa',6,8,4.6,0,20,67,'2020-06-17 09:00:00+07','2020-06-17 09:00:00+07');
INSERT INTO players(deleted_row,updatedby,id,name,position_id,club_id,rate,goal,price,start_line_up,"createdAt","updatedAt") VALUES ('FALSE','Damien',46,'Kimpembe Presnel',2,16,5.4,0,20,83,'2020-06-17 09:00:00+07','2020-06-17 09:00:00+07');
INSERT INTO players(deleted_row,updatedby,id,name,position_id,club_id,rate,goal,price,start_line_up,"createdAt","updatedAt") VALUES ('FALSE','Damien',47,'Bourigeaud Benjamin',5,18,6,1,20,83,'2020-06-17 09:00:00+07','2020-06-17 09:00:00+07');
INSERT INTO players(deleted_row,updatedby,id,name,position_id,club_id,rate,goal,price,start_line_up,"createdAt","updatedAt") VALUES ('FALSE','Damien',48,'Larsonneur Gautier',1,3,4.5,0,20,100,'2020-06-17 09:00:00+07','2020-06-17 09:00:00+07');
INSERT INTO players(deleted_row,updatedby,id,name,position_id,club_id,rate,goal,price,start_line_up,"createdAt","updatedAt") VALUES ('FALSE','Damien',49,'Gouiri Amine',6,14,6.4,2,20,83,'2020-06-17 09:00:00+07','2020-06-17 09:00:00+07');
INSERT INTO players(deleted_row,updatedby,id,name,position_id,club_id,rate,goal,price,start_line_up,"createdAt","updatedAt") VALUES ('FALSE','Damien',50,'Dia Boulaye',6,17,5.6,3,20,67,'2020-06-17 09:00:00+07','2020-06-17 09:00:00+07');
INSERT INTO players(deleted_row,updatedby,id,name,position_id,club_id,rate,goal,price,start_line_up,"createdAt","updatedAt") VALUES ('FALSE','Damien',51,'Koscielny Laurent',2,2,6.1,0,19,100,'2020-06-17 09:00:00+07','2020-06-17 09:00:00+07');
INSERT INTO players(deleted_row,updatedby,id,name,position_id,club_id,rate,goal,price,start_line_up,"createdAt","updatedAt") VALUES ('FALSE','Damien',52,'Florenzi Alessandro',3,16,6.3,1,19,67,'2020-06-17 09:00:00+07','2020-06-17 09:00:00+07');
INSERT INTO players(deleted_row,updatedby,id,name,position_id,club_id,rate,goal,price,start_line_up,"createdAt","updatedAt") VALUES ('FALSE','Damien',53,'Thomasson Adrien',5,20,4.7,0,19,67,'2020-06-17 09:00:00+07','2020-06-17 09:00:00+07');
INSERT INTO players(deleted_row,updatedby,id,name,position_id,club_id,rate,goal,price,start_line_up,"createdAt","updatedAt") VALUES ('FALSE','Damien',54,'Cubas Adrian',4,15,6.3,1,19,100,'2020-06-17 09:00:00+07','2020-06-17 09:00:00+07');
INSERT INTO players(deleted_row,updatedby,id,name,position_id,club_id,rate,goal,price,start_line_up,"createdAt","updatedAt") VALUES ('FALSE','Damien',55,'Bamba Jonathan',5,6,6.3,2,19,100,'2020-06-17 09:00:00+07','2020-06-17 09:00:00+07');
INSERT INTO players(deleted_row,updatedby,id,name,position_id,club_id,rate,goal,price,start_line_up,"createdAt","updatedAt") VALUES ('FALSE','Damien',56,'Blas Ludovic',5,13,5.2,1,19,83,'2020-06-17 09:00:00+07','2020-06-17 09:00:00+07');
INSERT INTO players(deleted_row,updatedby,id,name,position_id,club_id,rate,goal,price,start_line_up,"createdAt","updatedAt") VALUES ('FALSE','Damien',57,'Andre Benjamin',4,6,5.7,0,18,100,'2020-06-17 09:00:00+07','2020-06-17 09:00:00+07');
INSERT INTO players(deleted_row,updatedby,id,name,position_id,club_id,rate,goal,price,start_line_up,"createdAt","updatedAt") VALUES ('FALSE','Damien',58,'Anthony Lopes ',1,8,4.9,0,18,100,'2020-06-17 09:00:00+07','2020-06-17 09:00:00+07');
INSERT INTO players(deleted_row,updatedby,id,name,position_id,club_id,rate,goal,price,start_line_up,"createdAt","updatedAt") VALUES ('FALSE','Damien',59,'Nguette Opa',5,10,5,0,18,83,'2020-06-17 09:00:00+07','2020-06-17 09:00:00+07');
INSERT INTO players(deleted_row,updatedby,id,name,position_id,club_id,rate,goal,price,start_line_up,"createdAt","updatedAt") VALUES ('FALSE','Damien',60,'Golovin Aleksandr',5,11,6,0,18,33,'2020-06-17 09:00:00+07','2020-06-17 09:00:00+07');
INSERT INTO players(deleted_row,updatedby,id,name,position_id,club_id,rate,goal,price,start_line_up,"createdAt","updatedAt") VALUES ('FALSE','Damien',61,'Caleta-Car Duje',2,9,5.7,2,18,100,'2020-06-17 09:00:00+07','2020-06-17 09:00:00+07');
INSERT INTO players(deleted_row,updatedby,id,name,position_id,club_id,rate,goal,price,start_line_up,"createdAt","updatedAt") VALUES ('FALSE','Damien',62,'Otavio ',4,2,6.1,0,18,83,'2020-06-17 09:00:00+07','2020-06-17 09:00:00+07');
INSERT INTO players(deleted_row,updatedby,id,name,position_id,club_id,rate,goal,price,start_line_up,"createdAt","updatedAt") VALUES ('FALSE','Damien',63,'Sotoca Florian',6,5,5.3,1,18,83,'2020-06-17 09:00:00+07','2020-06-17 09:00:00+07');
INSERT INTO players(deleted_row,updatedby,id,name,position_id,club_id,rate,goal,price,start_line_up,"createdAt","updatedAt") VALUES ('FALSE','Damien',64,'Kamara Boubacar',2,9,5.1,0,18,100,'2020-06-17 09:00:00+07','2020-06-17 09:00:00+07');
INSERT INTO players(deleted_row,updatedby,id,name,position_id,club_id,rate,goal,price,start_line_up,"createdAt","updatedAt") VALUES ('FALSE','Damien',65,'Perraud Romain',3,3,6.1,2,18,83,'2020-06-17 09:00:00+07','2020-06-17 09:00:00+07');
INSERT INTO players(deleted_row,updatedby,id,name,position_id,club_id,rate,goal,price,start_line_up,"createdAt","updatedAt") VALUES ('FALSE','Damien',66,'Ganago Ignatius',6,5,6.3,4,18,83,'2020-06-17 09:00:00+07','2020-06-17 09:00:00+07');
INSERT INTO players(deleted_row,updatedby,id,name,position_id,club_id,rate,goal,price,start_line_up,"createdAt","updatedAt") VALUES ('FALSE','Damien',67,'Louza Imran',5,13,5.6,2,18,67,'2020-06-17 09:00:00+07','2020-06-17 09:00:00+07');
INSERT INTO players(deleted_row,updatedby,id,name,position_id,club_id,rate,goal,price,start_line_up,"createdAt","updatedAt") VALUES ('FALSE','Damien',68,'Camavinga Eduardo',4,18,5.8,1,18,83,'2020-06-17 09:00:00+07','2020-06-17 09:00:00+07');
INSERT INTO players(deleted_row,updatedby,id,name,position_id,club_id,rate,goal,price,start_line_up,"createdAt","updatedAt") VALUES ('FALSE','Damien',69,'Jose Fonte ',2,6,5.9,0,17,100,'2020-06-17 09:00:00+07','2020-06-17 09:00:00+07');
INSERT INTO players(deleted_row,updatedby,id,name,position_id,club_id,rate,goal,price,start_line_up,"createdAt","updatedAt") VALUES ('FALSE','Damien',70,'Charbonnier Gaetan',6,3,5.9,2,17,83,'2020-06-17 09:00:00+07','2020-06-17 09:00:00+07');
INSERT INTO players(deleted_row,updatedby,id,name,position_id,club_id,rate,goal,price,start_line_up,"createdAt","updatedAt") VALUES ('FALSE','Damien',71,'Boye John',2,10,5.3,0,17,100,'2020-06-17 09:00:00+07','2020-06-17 09:00:00+07');
INSERT INTO players(deleted_row,updatedby,id,name,position_id,club_id,rate,goal,price,start_line_up,"createdAt","updatedAt") VALUES ('FALSE','Damien',72,'Niang M''Baye',6,18,5,0,17,17,'2020-06-17 09:00:00+07','2020-06-17 09:00:00+07');
INSERT INTO players(deleted_row,updatedby,id,name,position_id,club_id,rate,goal,price,start_line_up,"createdAt","updatedAt") VALUES ('FALSE','Damien',73,'Cornet Maxwel',5,8,5.3,0,17,100,'2020-06-17 09:00:00+07','2020-06-17 09:00:00+07');
INSERT INTO players(deleted_row,updatedby,id,name,position_id,club_id,rate,goal,price,start_line_up,"createdAt","updatedAt") VALUES ('FALSE','Damien',74,'Denayer Jason',2,8,5.5,0,17,100,'2020-06-17 09:00:00+07','2020-06-17 09:00:00+07');
INSERT INTO players(deleted_row,updatedby,id,name,position_id,club_id,rate,goal,price,start_line_up,"createdAt","updatedAt") VALUES ('FALSE','Damien',75,'Renato Sanches ',5,6,5.6,1,17,50,'2020-06-17 09:00:00+07','2020-06-17 09:00:00+07');
INSERT INTO players(deleted_row,updatedby,id,name,position_id,club_id,rate,goal,price,start_line_up,"createdAt","updatedAt") VALUES ('FALSE','Damien',76,'Simon Moses',5,13,5.3,1,17,100,'2020-06-17 09:00:00+07','2020-06-17 09:00:00+07');
INSERT INTO players(deleted_row,updatedby,id,name,position_id,club_id,rate,goal,price,start_line_up,"createdAt","updatedAt") VALUES ('FALSE','Damien',77,'Bruno Guimaraes ',4,8,5.6,0,17,83,'2020-06-17 09:00:00+07','2020-06-17 09:00:00+07');
INSERT INTO players(deleted_row,updatedby,id,name,position_id,club_id,rate,goal,price,start_line_up,"createdAt","updatedAt") VALUES ('FALSE','Damien',78,'Aguerd Nayef',2,18,5.6,2,17,100,'2020-06-17 09:00:00+07','2020-06-17 09:00:00+07');
INSERT INTO players(deleted_row,updatedby,id,name,position_id,club_id,rate,goal,price,start_line_up,"createdAt","updatedAt") VALUES ('FALSE','Damien',79,'Basic Toma',4,2,6,2,17,100,'2020-06-17 09:00:00+07','2020-06-17 09:00:00+07');
INSERT INTO players(deleted_row,updatedby,id,name,position_id,club_id,rate,goal,price,start_line_up,"createdAt","updatedAt") VALUES ('FALSE','Damien',80,'Centonze Fabien',3,10,5.3,0,17,100,'2020-06-17 09:00:00+07','2020-06-17 09:00:00+07');
INSERT INTO players(deleted_row,updatedby,id,name,position_id,club_id,rate,goal,price,start_line_up,"createdAt","updatedAt") VALUES ('FALSE','Damien',81,'Botman Sven',2,6,5.8,0,17,100,'2020-06-17 09:00:00+07','2020-06-17 09:00:00+07');
INSERT INTO players(deleted_row,updatedby,id,name,position_id,club_id,rate,goal,price,start_line_up,"createdAt","updatedAt") VALUES ('FALSE','Damien',82,'Faivre Romain',5,3,6.2,2,17,100,'2020-06-17 09:00:00+07','2020-06-17 09:00:00+07');
INSERT INTO players(deleted_row,updatedby,id,name,position_id,club_id,rate,goal,price,start_line_up,"createdAt","updatedAt") VALUES ('FALSE','Damien',83,'Aouchiche Adil',5,19,5.6,1,17,100,'2020-06-17 09:00:00+07','2020-06-17 09:00:00+07');
INSERT INTO players(deleted_row,updatedby,id,name,position_id,club_id,rate,goal,price,start_line_up,"createdAt","updatedAt") VALUES ('FALSE','Damien',84,'Congre Daniel',2,12,5.7,2,16,100,'2020-06-17 09:00:00+07','2020-06-17 09:00:00+07');
INSERT INTO players(deleted_row,updatedby,id,name,position_id,club_id,rate,goal,price,start_line_up,"createdAt","updatedAt") VALUES ('FALSE','Damien',85,'Yilmaz Burak',6,6,5.1,2,16,83,'2020-06-17 09:00:00+07','2020-06-17 09:00:00+07');
INSERT INTO players(deleted_row,updatedby,id,name,position_id,club_id,rate,goal,price,start_line_up,"createdAt","updatedAt") VALUES ('FALSE','Damien',86,'Reynet Baptiste',1,15,5.5,0,16,100,'2020-06-17 09:00:00+07','2020-06-17 09:00:00+07');
INSERT INTO players(deleted_row,updatedby,id,name,position_id,club_id,rate,goal,price,start_line_up,"createdAt","updatedAt") VALUES ('FALSE','Damien',87,'Gonzalez Alvaro',2,9,5,0,16,83,'2020-06-17 09:00:00+07','2020-06-17 09:00:00+07');
INSERT INTO players(deleted_row,updatedby,id,name,position_id,club_id,rate,goal,price,start_line_up,"createdAt","updatedAt") VALUES ('FALSE','Damien',88,'Chavalerin Xavier',4,17,5.3,0,16,100,'2020-06-17 09:00:00+07','2020-06-17 09:00:00+07');
INSERT INTO players(deleted_row,updatedby,id,name,position_id,club_id,rate,goal,price,start_line_up,"createdAt","updatedAt") VALUES ('FALSE','Damien',89,'Philippoteaux Romain',5,3,5.5,1,16,50,'2020-06-17 09:00:00+07','2020-06-17 09:00:00+07');
INSERT INTO players(deleted_row,updatedby,id,name,position_id,club_id,rate,goal,price,start_line_up,"createdAt","updatedAt") VALUES ('FALSE','Damien',90,'Mounie Steve',6,3,5.5,2,16,67,'2020-06-17 09:00:00+07','2020-06-17 09:00:00+07');
INSERT INTO players(deleted_row,updatedby,id,name,position_id,club_id,rate,goal,price,start_line_up,"createdAt","updatedAt") VALUES ('FALSE','Damien',91,'Omlin Jonas',1,12,5.4,0,16,100,'2020-06-17 09:00:00+07','2020-06-17 09:00:00+07');
INSERT INTO players(deleted_row,updatedby,id,name,position_id,club_id,rate,goal,price,start_line_up,"createdAt","updatedAt") VALUES ('FALSE','Damien',92,'Lafont Alban',1,13,5.7,0,16,100,'2020-06-17 09:00:00+07','2020-06-17 09:00:00+07');
INSERT INTO players(deleted_row,updatedby,id,name,position_id,club_id,rate,goal,price,start_line_up,"createdAt","updatedAt") VALUES ('FALSE','Damien',93,'Luiz Araujo ',6,6,5.5,2,16,50,'2020-06-17 09:00:00+07','2020-06-17 09:00:00+07');
INSERT INTO players(deleted_row,updatedby,id,name,position_id,club_id,rate,goal,price,start_line_up,"createdAt","updatedAt") VALUES ('FALSE','Damien',94,'Hamel Pierre-Yves',6,7,5.5,2,16,17,'2020-06-17 09:00:00+07','2020-06-17 09:00:00+07');
INSERT INTO players(deleted_row,updatedby,id,name,position_id,club_id,rate,goal,price,start_line_up,"createdAt","updatedAt") VALUES ('FALSE','Damien',95,'Hilton ',2,12,4.9,0,15,67,'2020-06-17 09:00:00+07','2020-06-17 09:00:00+07');
INSERT INTO players(deleted_row,updatedby,id,name,position_id,club_id,rate,goal,price,start_line_up,"createdAt","updatedAt") VALUES ('FALSE','Damien',96,'Cahuzac Yannick',4,5,5.3,0,15,83,'2020-06-17 09:00:00+07','2020-06-17 09:00:00+07');
INSERT INTO players(deleted_row,updatedby,id,name,position_id,club_id,rate,goal,price,start_line_up,"createdAt","updatedAt") VALUES ('FALSE','Damien',97,'Marcelo ',2,8,5.8,0,15,100,'2020-06-17 09:00:00+07','2020-06-17 09:00:00+07');
INSERT INTO players(deleted_row,updatedby,id,name,position_id,club_id,rate,goal,price,start_line_up,"createdAt","updatedAt") VALUES ('FALSE','Damien',98,'de Preville Nicolas',6,2,5.4,0,15,100,'2020-06-17 09:00:00+07','2020-06-17 09:00:00+07');
INSERT INTO players(deleted_row,updatedby,id,name,position_id,club_id,rate,goal,price,start_line_up,"createdAt","updatedAt") VALUES ('FALSE','Damien',99,'Aguilar Ruben',3,11,5.5,1,15,100,'2020-06-17 09:00:00+07','2020-06-17 09:00:00+07');
INSERT INTO players(deleted_row,updatedby,id,name,position_id,club_id,rate,goal,price,start_line_up,"createdAt","updatedAt") VALUES ('FALSE','Damien',100,'Kamara Hassane',3,14,5.6,0,15,100,'2020-06-17 09:00:00+07','2020-06-17 09:00:00+07');
INSERT INTO players(deleted_row,updatedby,id,name,position_id,club_id,rate,goal,price,start_line_up,"createdAt","updatedAt") VALUES ('FALSE','Damien',101,'Grbic Adrian',6,7,4.9,2,15,83,'2020-06-17 09:00:00+07','2020-06-17 09:00:00+07');
INSERT INTO players(deleted_row,updatedby,id,name,position_id,club_id,rate,goal,price,start_line_up,"createdAt","updatedAt") VALUES ('FALSE','Damien',102,'Hamari Traore ',3,18,5.3,0,15,67,'2020-06-17 09:00:00+07','2020-06-17 09:00:00+07');
INSERT INTO players(deleted_row,updatedby,id,name,position_id,club_id,rate,goal,price,start_line_up,"createdAt","updatedAt") VALUES ('FALSE','Damien',103,'Dubois Leo',3,8,5.3,1,15,100,'2020-06-17 09:00:00+07','2020-06-17 09:00:00+07');
INSERT INTO players(deleted_row,updatedby,id,name,position_id,club_id,rate,goal,price,start_line_up,"createdAt","updatedAt") VALUES ('FALSE','Damien',104,'Diallo Habib',6,20,4,0,15,17,'2020-06-17 09:00:00+07','2020-06-17 09:00:00+07');
INSERT INTO players(deleted_row,updatedby,id,name,position_id,club_id,rate,goal,price,start_line_up,"createdAt","updatedAt") VALUES ('FALSE','Damien',105,'Kalu Samuel',5,2,5.4,2,15,50,'2020-06-17 09:00:00+07','2020-06-17 09:00:00+07');
INSERT INTO players(deleted_row,updatedby,id,name,position_id,club_id,rate,goal,price,start_line_up,"createdAt","updatedAt") VALUES ('FALSE','Damien',106,'Lienard Dimitri',5,20,5,0,15,17,'2020-06-17 09:00:00+07','2020-06-17 09:00:00+07');
INSERT INTO players(deleted_row,updatedby,id,name,position_id,club_id,rate,goal,price,start_line_up,"createdAt","updatedAt") VALUES ('FALSE','Damien',107,'Badiashile Mukinayi Benoit',2,11,5.3,2,15,100,'2020-06-17 09:00:00+07','2020-06-17 09:00:00+07');
INSERT INTO players(deleted_row,updatedby,id,name,position_id,club_id,rate,goal,price,start_line_up,"createdAt","updatedAt") VALUES ('FALSE','Damien',108,'Bakker Mitchel',3,16,5.9,0,15,67,'2020-06-17 09:00:00+07','2020-06-17 09:00:00+07');
INSERT INTO players(deleted_row,updatedby,id,name,position_id,club_id,rate,goal,price,start_line_up,"createdAt","updatedAt") VALUES ('FALSE','Damien',109,'Adli Yacine',5,2,5.4,0,15,33,'2020-06-17 09:00:00+07','2020-06-17 09:00:00+07');
INSERT INTO players(deleted_row,updatedby,id,name,position_id,club_id,rate,goal,price,start_line_up,"createdAt","updatedAt") VALUES ('FALSE','Damien',110,'Cheick Oumar Doucoure ',4,5,5.4,0,15,100,'2020-06-17 09:00:00+07','2020-06-17 09:00:00+07');
INSERT INTO players(deleted_row,updatedby,id,name,position_id,club_id,rate,goal,price,start_line_up,"createdAt","updatedAt") VALUES ('FALSE','Damien',111,'Bradaric Domagoj',3,6,5.4,0,15,83,'2020-06-17 09:00:00+07','2020-06-17 09:00:00+07');
INSERT INTO players(deleted_row,updatedby,id,name,position_id,club_id,rate,goal,price,start_line_up,"createdAt","updatedAt") VALUES ('FALSE','Damien',112,'Salin Romain',1,18,5.7,0,14,83,'2020-06-17 09:00:00+07','2020-06-17 09:00:00+07');
INSERT INTO players(deleted_row,updatedby,id,name,position_id,club_id,rate,goal,price,start_line_up,"createdAt","updatedAt") VALUES ('FALSE','Damien',113,'Schneiderlin Morgan',4,14,5.7,0,14,83,'2020-06-17 09:00:00+07','2020-06-17 09:00:00+07');
INSERT INTO players(deleted_row,updatedby,id,name,position_id,club_id,rate,goal,price,start_line_up,"createdAt","updatedAt") VALUES ('FALSE','Damien',114,'Deaux Lucas',4,15,5.1,0,14,67,'2020-06-17 09:00:00+07','2020-06-17 09:00:00+07');
INSERT INTO players(deleted_row,updatedby,id,name,position_id,club_id,rate,goal,price,start_line_up,"createdAt","updatedAt") VALUES ('FALSE','Damien',115,'Volland Kevin',6,11,4.9,0,14,67,'2020-06-17 09:00:00+07','2020-06-17 09:00:00+07');
INSERT INTO players(deleted_row,updatedby,id,name,position_id,club_id,rate,goal,price,start_line_up,"createdAt","updatedAt") VALUES ('FALSE','Damien',116,'Pajot Vincent',4,10,5.9,0,14,83,'2020-06-17 09:00:00+07','2020-06-17 09:00:00+07');
INSERT INTO players(deleted_row,updatedby,id,name,position_id,club_id,rate,goal,price,start_line_up,"createdAt","updatedAt") VALUES ('FALSE','Damien',117,'Draxler Julian',5,16,5.9,2,14,67,'2020-06-17 09:00:00+07','2020-06-17 09:00:00+07');
INSERT INTO players(deleted_row,updatedby,id,name,position_id,club_id,rate,goal,price,start_line_up,"createdAt","updatedAt") VALUES ('FALSE','Damien',118,'Abergel Laurent',3,7,5.1,0,14,67,'2020-06-17 09:00:00+07','2020-06-17 09:00:00+07');
INSERT INTO players(deleted_row,updatedby,id,name,position_id,club_id,rate,goal,price,start_line_up,"createdAt","updatedAt") VALUES ('FALSE','Damien',119,'Herelle Christophe',2,3,5,0,14,50,'2020-06-17 09:00:00+07','2020-06-17 09:00:00+07');
INSERT INTO players(deleted_row,updatedby,id,name,position_id,club_id,rate,goal,price,start_line_up,"createdAt","updatedAt") VALUES ('FALSE','Damien',120,'Amavi Jordan',3,9,5.8,0,14,50,'2020-06-17 09:00:00+07','2020-06-17 09:00:00+07');
INSERT INTO players(deleted_row,updatedby,id,name,position_id,club_id,rate,goal,price,start_line_up,"createdAt","updatedAt") VALUES ('FALSE','Damien',121,'Ajorque Ludovic',6,20,4.7,1,14,100,'2020-06-17 09:00:00+07','2020-06-17 09:00:00+07');
INSERT INTO players(deleted_row,updatedby,id,name,position_id,club_id,rate,goal,price,start_line_up,"createdAt","updatedAt") VALUES ('FALSE','Damien',122,'Zeki Celik Mehmet',3,6,5.6,1,14,83,'2020-06-17 09:00:00+07','2020-06-17 09:00:00+07');
INSERT INTO players(deleted_row,updatedby,id,name,position_id,club_id,rate,goal,price,start_line_up,"createdAt","updatedAt") VALUES ('FALSE','Damien',123,'Briancon Anthony',2,15,5.5,0,14,50,'2020-06-17 09:00:00+07','2020-06-17 09:00:00+07');
INSERT INTO players(deleted_row,updatedby,id,name,position_id,club_id,rate,goal,price,start_line_up,"createdAt","updatedAt") VALUES ('FALSE','Damien',124,'Bernardoni Paul',1,1,5.3,0,14,100,'2020-06-17 09:00:00+07','2020-06-17 09:00:00+07');
INSERT INTO players(deleted_row,updatedby,id,name,position_id,club_id,rate,goal,price,start_line_up,"createdAt","updatedAt") VALUES ('FALSE','Damien',125,'Fulgini Angelo',5,1,5.3,1,14,100,'2020-06-17 09:00:00+07','2020-06-17 09:00:00+07');
INSERT INTO players(deleted_row,updatedby,id,name,position_id,club_id,rate,goal,price,start_line_up,"createdAt","updatedAt") VALUES ('FALSE','Damien',126,'Moulin Jessy',1,19,5.2,0,13,100,'2020-06-17 09:00:00+07','2020-06-17 09:00:00+07');
INSERT INTO players(deleted_row,updatedby,id,name,position_id,club_id,rate,goal,price,start_line_up,"createdAt","updatedAt") VALUES ('FALSE','Damien',127,'Ecuele Manga Bruno',2,4,5,1,13,100,'2020-06-17 09:00:00+07','2020-06-17 09:00:00+07');
INSERT INTO players(deleted_row,updatedby,id,name,position_id,club_id,rate,goal,price,start_line_up,"createdAt","updatedAt") VALUES ('FALSE','Damien',128,'Le Tallec Damien',4,12,4.8,0,13,100,'2020-06-17 09:00:00+07','2020-06-17 09:00:00+07');
INSERT INTO players(deleted_row,updatedby,id,name,position_id,club_id,rate,goal,price,start_line_up,"createdAt","updatedAt") VALUES ('FALSE','Damien',129,'Benito Loris',3,2,5.4,0,13,83,'2020-06-17 09:00:00+07','2020-06-17 09:00:00+07');
INSERT INTO players(deleted_row,updatedby,id,name,position_id,club_id,rate,goal,price,start_line_up,"createdAt","updatedAt") VALUES ('FALSE','Damien',130,'Lasne Paul',4,3,5.5,0,13,17,'2020-06-17 09:00:00+07','2020-06-17 09:00:00+07');
INSERT INTO players(deleted_row,updatedby,id,name,position_id,club_id,rate,goal,price,start_line_up,"createdAt","updatedAt") VALUES ('FALSE','Damien',131,'Souquet Arnaud',3,12,4.8,1,13,83,'2020-06-17 09:00:00+07','2020-06-17 09:00:00+07');
INSERT INTO players(deleted_row,updatedby,id,name,position_id,club_id,rate,goal,price,start_line_up,"createdAt","updatedAt") VALUES ('FALSE','Damien',132,'Lala Kenny',3,20,4.2,0,13,100,'2020-06-17 09:00:00+07','2020-06-17 09:00:00+07');
INSERT INTO players(deleted_row,updatedby,id,name,position_id,club_id,rate,goal,price,start_line_up,"createdAt","updatedAt") VALUES ('FALSE','Damien',133,'Nardi Paul',1,7,4.7,0,13,100,'2020-06-17 09:00:00+07','2020-06-17 09:00:00+07');
INSERT INTO players(deleted_row,updatedby,id,name,position_id,club_id,rate,goal,price,start_line_up,"createdAt","updatedAt") VALUES ('FALSE','Damien',134,'Ripart Renaud',3,15,5.3,1,13,100,'2020-06-17 09:00:00+07','2020-06-17 09:00:00+07');
INSERT INTO players(deleted_row,updatedby,id,name,position_id,club_id,rate,goal,price,start_line_up,"createdAt","updatedAt") VALUES ('FALSE','Damien',135,'Boufal Sofiane',5,1,0,0,13,0,'2020-06-17 09:00:00+07','2020-06-17 09:00:00+07');
INSERT INTO players(deleted_row,updatedby,id,name,position_id,club_id,rate,goal,price,start_line_up,"createdAt","updatedAt") VALUES ('FALSE','Damien',136,'Ndong Didier',4,4,4.9,0,13,100,'2020-06-17 09:00:00+07','2020-06-17 09:00:00+07');
INSERT INTO players(deleted_row,updatedby,id,name,position_id,club_id,rate,goal,price,start_line_up,"createdAt","updatedAt") VALUES ('FALSE','Damien',137,'Toko Ekambi Karl',6,8,4.8,0,13,67,'2020-06-17 09:00:00+07','2020-06-17 09:00:00+07');
INSERT INTO players(deleted_row,updatedby,id,name,position_id,club_id,rate,goal,price,start_line_up,"createdAt","updatedAt") VALUES ('FALSE','Damien',138,'Meling Birger',3,15,5.8,1,13,83,'2020-06-17 09:00:00+07','2020-06-17 09:00:00+07');
INSERT INTO players(deleted_row,updatedby,id,name,position_id,club_id,rate,goal,price,start_line_up,"createdAt","updatedAt") VALUES ('FALSE','Damien',139,'Allagbe Saturnin',1,4,5.6,0,13,100,'2020-06-17 09:00:00+07','2020-06-17 09:00:00+07');
INSERT INTO players(deleted_row,updatedby,id,name,position_id,club_id,rate,goal,price,start_line_up,"createdAt","updatedAt") VALUES ('FALSE','Damien',140,'Disasi Axel',2,11,4.7,1,13,83,'2020-06-17 09:00:00+07','2020-06-17 09:00:00+07');
INSERT INTO players(deleted_row,updatedby,id,name,position_id,club_id,rate,goal,price,start_line_up,"createdAt","updatedAt") VALUES ('FALSE','Damien',141,'Clauss Jonathan',4,5,5.6,0,13,67,'2020-06-17 09:00:00+07','2020-06-17 09:00:00+07');
INSERT INTO players(deleted_row,updatedby,id,name,position_id,club_id,rate,goal,price,start_line_up,"createdAt","updatedAt") VALUES ('FALSE','Damien',142,'Udol Matthieu',3,10,5.7,0,13,83,'2020-06-17 09:00:00+07','2020-06-17 09:00:00+07');
INSERT INTO players(deleted_row,updatedby,id,name,position_id,club_id,rate,goal,price,start_line_up,"createdAt","updatedAt") VALUES ('FALSE','Damien',143,'Lotomba Jordan',3,14,5.4,0,13,83,'2020-06-17 09:00:00+07','2020-06-17 09:00:00+07');
INSERT INTO players(deleted_row,updatedby,id,name,position_id,club_id,rate,goal,price,start_line_up,"createdAt","updatedAt") VALUES ('FALSE','Damien',144,'Terrier Martin',5,18,5.3,0,13,67,'2020-06-17 09:00:00+07','2020-06-17 09:00:00+07');
INSERT INTO players(deleted_row,updatedby,id,name,position_id,club_id,rate,goal,price,start_line_up,"createdAt","updatedAt") VALUES ('FALSE','Damien',145,'David Jonathan Christian',6,6,4.8,0,13,100,'2020-06-17 09:00:00+07','2020-06-17 09:00:00+07');
INSERT INTO players(deleted_row,updatedby,id,name,position_id,club_id,rate,goal,price,start_line_up,"createdAt","updatedAt") VALUES ('FALSE','Damien',146,'Camara Mahdi',4,19,5.8,1,13,100,'2020-06-17 09:00:00+07','2020-06-17 09:00:00+07');
INSERT INTO players(deleted_row,updatedby,id,name,position_id,club_id,rate,goal,price,start_line_up,"createdAt","updatedAt") VALUES ('FALSE','Damien',147,'Chahiri Mehdi',5,20,5.2,2,13,50,'2020-06-17 09:00:00+07','2020-06-17 09:00:00+07');
INSERT INTO players(deleted_row,updatedby,id,name,position_id,club_id,rate,goal,price,start_line_up,"createdAt","updatedAt") VALUES ('FALSE','Damien',148,'Mangani Thomas',4,1,5,0,12,83,'2020-06-17 09:00:00+07','2020-06-17 09:00:00+07');
INSERT INTO players(deleted_row,updatedby,id,name,position_id,club_id,rate,goal,price,start_line_up,"createdAt","updatedAt") VALUES ('FALSE','Damien',149,'Baysse Paul',2,2,5.2,0,12,67,'2020-06-17 09:00:00+07','2020-06-17 09:00:00+07');
INSERT INTO players(deleted_row,updatedby,id,name,position_id,club_id,rate,goal,price,start_line_up,"createdAt","updatedAt") VALUES ('FALSE','Damien',150,'Bahoken Stephane',6,1,4.6,2,12,67,'2020-06-17 09:00:00+07','2020-06-17 09:00:00+07');
INSERT INTO players(deleted_row,updatedby,id,name,position_id,club_id,rate,goal,price,start_line_up,"createdAt","updatedAt") VALUES ('FALSE','Damien',151,'Rony Lopes ',5,14,4.5,0,12,67,'2020-06-17 09:00:00+07','2020-06-17 09:00:00+07');
INSERT INTO players(deleted_row,updatedby,id,name,position_id,club_id,rate,goal,price,start_line_up,"createdAt","updatedAt") VALUES ('FALSE','Damien',152,'Thiago Mendes ',4,8,5.2,0,12,17,'2020-06-17 09:00:00+07','2020-06-17 09:00:00+07');
INSERT INTO players(deleted_row,updatedby,id,name,position_id,club_id,rate,goal,price,start_line_up,"createdAt","updatedAt") VALUES ('FALSE','Damien',153,'Andrei Girotto ',2,13,5,1,12,100,'2020-06-17 09:00:00+07','2020-06-17 09:00:00+07');
INSERT INTO players(deleted_row,updatedby,id,name,position_id,club_id,rate,goal,price,start_line_up,"createdAt","updatedAt") VALUES ('FALSE','Damien',154,'Kamara Bingourou',1,20,4.5,0,12,67,'2020-06-17 09:00:00+07','2020-06-17 09:00:00+07');
INSERT INTO players(deleted_row,updatedby,id,name,position_id,club_id,rate,goal,price,start_line_up,"createdAt","updatedAt") VALUES ('FALSE','Damien',155,'Ikone Jonathan',5,6,5,0,12,50,'2020-06-17 09:00:00+07','2020-06-17 09:00:00+07');
INSERT INTO players(deleted_row,updatedby,id,name,position_id,club_id,rate,goal,price,start_line_up,"createdAt","updatedAt") VALUES ('FALSE','Damien',156,'Bronn Dylan',2,10,5.2,0,12,100,'2020-06-17 09:00:00+07','2020-06-17 09:00:00+07');
INSERT INTO players(deleted_row,updatedby,id,name,position_id,club_id,rate,goal,price,start_line_up,"createdAt","updatedAt") VALUES ('FALSE','Damien',157,'Doku Jeremy',5,18,0,0,12,0,'2020-06-17 09:00:00+07','2020-06-17 09:00:00+07');
INSERT INTO players(deleted_row,updatedby,id,name,position_id,club_id,rate,goal,price,start_line_up,"createdAt","updatedAt") VALUES ('FALSE','Damien',158,'Diop Sofiane',5,11,5.6,1,12,50,'2020-06-17 09:00:00+07','2020-06-17 09:00:00+07');
INSERT INTO players(deleted_row,updatedby,id,name,position_id,club_id,rate,goal,price,start_line_up,"createdAt","updatedAt") VALUES ('FALSE','Damien',159,'Fofana Youssouf',4,11,4.2,0,12,83,'2020-06-17 09:00:00+07','2020-06-17 09:00:00+07');
INSERT INTO players(deleted_row,updatedby,id,name,position_id,club_id,rate,goal,price,start_line_up,"createdAt","updatedAt") VALUES ('FALSE','Damien',160,'Lemoine Fabien',4,7,4.7,0,11,100,'2020-06-17 09:00:00+07','2020-06-17 09:00:00+07');
INSERT INTO players(deleted_row,updatedby,id,name,position_id,club_id,rate,goal,price,start_line_up,"createdAt","updatedAt") VALUES ('FALSE','Damien',161,'Faussurier Julien',3,3,5.3,0,11,33,'2020-06-17 09:00:00+07','2020-06-17 09:00:00+07');
INSERT INTO players(deleted_row,updatedby,id,name,position_id,club_id,rate,goal,price,start_line_up,"createdAt","updatedAt") VALUES ('FALSE','Damien',162,'Hamouma Romain',5,19,5.3,3,11,67,'2020-06-17 09:00:00+07','2020-06-17 09:00:00+07');
INSERT INTO players(deleted_row,updatedby,id,name,position_id,club_id,rate,goal,price,start_line_up,"createdAt","updatedAt") VALUES ('FALSE','Damien',163,'Pallois Nicolas',2,13,5.1,0,11,100,'2020-06-17 09:00:00+07','2020-06-17 09:00:00+07');
INSERT INTO players(deleted_row,updatedby,id,name,position_id,club_id,rate,goal,price,start_line_up,"createdAt","updatedAt") VALUES ('FALSE','Damien',164,'Paredes Leandro',4,16,4.8,0,11,33,'2020-06-17 09:00:00+07','2020-06-17 09:00:00+07');
INSERT INTO players(deleted_row,updatedby,id,name,position_id,club_id,rate,goal,price,start_line_up,"createdAt","updatedAt") VALUES ('FALSE','Damien',165,'Monconduit Thomas',4,7,5,1,11,17,'2020-06-17 09:00:00+07','2020-06-17 09:00:00+07');
INSERT INTO players(deleted_row,updatedby,id,name,position_id,club_id,rate,goal,price,start_line_up,"createdAt","updatedAt") VALUES ('FALSE','Damien',166,'Sakai Hiroki',3,9,5,0,11,100,'2020-06-17 09:00:00+07','2020-06-17 09:00:00+07');
INSERT INTO players(deleted_row,updatedby,id,name,position_id,club_id,rate,goal,price,start_line_up,"createdAt","updatedAt") VALUES ('FALSE','Damien',167,'Capelle Pierrick',5,1,4.8,0,11,67,'2020-06-17 09:00:00+07','2020-06-17 09:00:00+07');
INSERT INTO players(deleted_row,updatedby,id,name,position_id,club_id,rate,goal,price,start_line_up,"createdAt","updatedAt") VALUES ('FALSE','Damien',168,'Stefan Mitrovic ',2,20,4.8,1,11,83,'2020-06-17 09:00:00+07','2020-06-17 09:00:00+07');
INSERT INTO players(deleted_row,updatedby,id,name,position_id,club_id,rate,goal,price,start_line_up,"createdAt","updatedAt") VALUES ('FALSE','Damien',169,'Zeneli Arber',5,17,5.1,0,11,50,'2020-06-17 09:00:00+07','2020-06-17 09:00:00+07');
INSERT INTO players(deleted_row,updatedby,id,name,position_id,club_id,rate,goal,price,start_line_up,"createdAt","updatedAt") VALUES ('FALSE','Damien',170,'Belkebla Haris',4,3,4.4,0,11,100,'2020-06-17 09:00:00+07','2020-06-17 09:00:00+07');
INSERT INTO players(deleted_row,updatedby,id,name,position_id,club_id,rate,goal,price,start_line_up,"createdAt","updatedAt") VALUES ('FALSE','Damien',171,'Maja Josh',6,2,4.8,1,11,67,'2020-06-17 09:00:00+07','2020-06-17 09:00:00+07');
INSERT INTO players(deleted_row,updatedby,id,name,position_id,club_id,rate,goal,price,start_line_up,"createdAt","updatedAt") VALUES ('FALSE','Damien',172,'Bobichon Antonin',5,1,5,0,11,50,'2020-06-17 09:00:00+07','2020-06-17 09:00:00+07');
INSERT INTO players(deleted_row,updatedby,id,name,position_id,club_id,rate,goal,price,start_line_up,"createdAt","updatedAt") VALUES ('FALSE','Damien',173,'Hwang Ui-Jo ',6,2,4.9,0,11,67,'2020-06-17 09:00:00+07','2020-06-17 09:00:00+07');
INSERT INTO players(deleted_row,updatedby,id,name,position_id,club_id,rate,goal,price,start_line_up,"createdAt","updatedAt") VALUES ('FALSE','Damien',174,'Thioub Sada',6,1,5.3,1,11,67,'2020-06-17 09:00:00+07','2020-06-17 09:00:00+07');
INSERT INTO players(deleted_row,updatedby,id,name,position_id,club_id,rate,goal,price,start_line_up,"createdAt","updatedAt") VALUES ('FALSE','Damien',175,'Caqueret Maxence',4,8,5.2,0,11,83,'2020-06-17 09:00:00+07','2020-06-17 09:00:00+07');
INSERT INTO players(deleted_row,updatedby,id,name,position_id,club_id,rate,goal,price,start_line_up,"createdAt","updatedAt") VALUES ('FALSE','Damien',176,'Medina Facundo',3,5,4.9,1,11,100,'2020-06-17 09:00:00+07','2020-06-17 09:00:00+07');
INSERT INTO players(deleted_row,updatedby,id,name,position_id,club_id,rate,goal,price,start_line_up,"createdAt","updatedAt") VALUES ('FALSE','Damien',177,'Kephren Thuram ',4,14,5.2,1,11,83,'2020-06-17 09:00:00+07','2020-06-17 09:00:00+07');
INSERT INTO players(deleted_row,updatedby,id,name,position_id,club_id,rate,goal,price,start_line_up,"createdAt","updatedAt") VALUES ('FALSE','Damien',178,'Mama Balde ',5,4,4.3,0,11,33,'2020-06-17 09:00:00+07','2020-06-17 09:00:00+07');
INSERT INTO players(deleted_row,updatedby,id,name,position_id,club_id,rate,goal,price,start_line_up,"createdAt","updatedAt") VALUES ('FALSE','Damien',179,'Bard Melvin',3,8,5.5,0,11,33,'2020-06-17 09:00:00+07','2020-06-17 09:00:00+07');
INSERT INTO players(deleted_row,updatedby,id,name,position_id,club_id,rate,goal,price,start_line_up,"createdAt","updatedAt") VALUES ('FALSE','Damien',180,'Ebimbe eric',5,4,4.4,1,11,100,'2020-06-17 09:00:00+07','2020-06-17 09:00:00+07');
INSERT INTO players(deleted_row,updatedby,id,name,position_id,club_id,rate,goal,price,start_line_up,"createdAt","updatedAt") VALUES ('FALSE','Damien',181,'Bade Loic',2,5,5.3,0,11,83,'2020-06-17 09:00:00+07','2020-06-17 09:00:00+07');
INSERT INTO players(deleted_row,updatedby,id,name,position_id,club_id,rate,goal,price,start_line_up,"createdAt","updatedAt") VALUES ('FALSE','Damien',182,'Le Douaron Jeremy',6,3,5,0,11,83,'2020-06-17 09:00:00+07','2020-06-17 09:00:00+07');
INSERT INTO players(deleted_row,updatedby,id,name,position_id,club_id,rate,goal,price,start_line_up,"createdAt","updatedAt") VALUES ('FALSE','Damien',183,'Fabregas Cesc',5,11,4.9,0,10,67,'2020-06-17 09:00:00+07','2020-06-17 09:00:00+07');
INSERT INTO players(deleted_row,updatedby,id,name,position_id,club_id,rate,goal,price,start_line_up,"createdAt","updatedAt") VALUES ('FALSE','Damien',184,'Fabio ',3,13,4.6,0,10,83,'2020-06-17 09:00:00+07','2020-06-17 09:00:00+07');
INSERT INTO players(deleted_row,updatedby,id,name,position_id,club_id,rate,goal,price,start_line_up,"createdAt","updatedAt") VALUES ('FALSE','Damien',185,'Bamba Abdoulaye',3,1,4.5,0,10,100,'2020-06-17 09:00:00+07','2020-06-17 09:00:00+07');
INSERT INTO players(deleted_row,updatedby,id,name,position_id,club_id,rate,goal,price,start_line_up,"createdAt","updatedAt") VALUES ('FALSE','Damien',186,'Le Goff Vincent',3,7,4.3,0,10,100,'2020-06-17 09:00:00+07','2020-06-17 09:00:00+07');
INSERT INTO players(deleted_row,updatedby,id,name,position_id,club_id,rate,goal,price,start_line_up,"createdAt","updatedAt") VALUES ('FALSE','Damien',187,'Appiah Dennis',3,13,4.8,0,10,83,'2020-06-17 09:00:00+07','2020-06-17 09:00:00+07');
INSERT INTO players(deleted_row,updatedby,id,name,position_id,club_id,rate,goal,price,start_line_up,"createdAt","updatedAt") VALUES ('FALSE','Damien',188,'Abeid Mehdi',4,13,5.4,0,10,33,'2020-06-17 09:00:00+07','2020-06-17 09:00:00+07');
INSERT INTO players(deleted_row,updatedby,id,name,position_id,club_id,rate,goal,price,start_line_up,"createdAt","updatedAt") VALUES ('FALSE','Damien',189,'Pedro Mendes ',2,12,5,0,10,100,'2020-06-17 09:00:00+07','2020-06-17 09:00:00+07');
INSERT INTO players(deleted_row,updatedby,id,name,position_id,club_id,rate,goal,price,start_line_up,"createdAt","updatedAt") VALUES ('FALSE','Damien',190,'Ferri Jordan',4,12,4.8,0,10,100,'2020-06-17 09:00:00+07','2020-06-17 09:00:00+07');
INSERT INTO players(deleted_row,updatedby,id,name,position_id,club_id,rate,goal,price,start_line_up,"createdAt","updatedAt") VALUES ('FALSE','Damien',191,'Pablo ',2,2,5.7,0,10,33,'2020-06-17 09:00:00+07','2020-06-17 09:00:00+07');
INSERT INTO players(deleted_row,updatedby,id,name,position_id,club_id,rate,goal,price,start_line_up,"createdAt","updatedAt") VALUES ('FALSE','Damien',192,'Chafik Fouad',3,4,4.4,0,10,83,'2020-06-17 09:00:00+07','2020-06-17 09:00:00+07');
INSERT INTO players(deleted_row,updatedby,id,name,position_id,club_id,rate,goal,price,start_line_up,"createdAt","updatedAt") VALUES ('FALSE','Damien',193,'Foket Thomas',3,17,4.5,0,10,83,'2020-06-17 09:00:00+07','2020-06-17 09:00:00+07');
INSERT INTO players(deleted_row,updatedby,id,name,position_id,club_id,rate,goal,price,start_line_up,"createdAt","updatedAt") VALUES ('FALSE','Damien',194,'Amadou Ibrahim',4,1,0,0,10,0,'2020-06-17 09:00:00+07','2020-06-17 09:00:00+07');
INSERT INTO players(deleted_row,updatedby,id,name,position_id,club_id,rate,goal,price,start_line_up,"createdAt","updatedAt") VALUES ('FALSE','Damien',195,'Djiku Alexander',2,20,4.3,0,10,83,'2020-06-17 09:00:00+07','2020-06-17 09:00:00+07');
INSERT INTO players(deleted_row,updatedby,id,name,position_id,club_id,rate,goal,price,start_line_up,"createdAt","updatedAt") VALUES ('FALSE','Damien',196,'Sylla Issiaga',3,5,5.1,0,10,50,'2020-06-17 09:00:00+07','2020-06-17 09:00:00+07');
INSERT INTO players(deleted_row,updatedby,id,name,position_id,club_id,rate,goal,price,start_line_up,"createdAt","updatedAt") VALUES ('FALSE','Damien',197,'Cabot Jimmy',5,1,4.8,0,10,0,'2020-06-17 09:00:00+07','2020-06-17 09:00:00+07');
INSERT INTO players(deleted_row,updatedby,id,name,position_id,club_id,rate,goal,price,start_line_up,"createdAt","updatedAt") VALUES ('FALSE','Damien',198,'Fofana Seko',4,5,5.5,0,10,0,'2020-06-17 09:00:00+07','2020-06-17 09:00:00+07');
INSERT INTO players(deleted_row,updatedby,id,name,position_id,club_id,rate,goal,price,start_line_up,"createdAt","updatedAt") VALUES ('FALSE','Damien',199,'Hunou Adrien',6,18,5.3,1,10,17,'2020-06-17 09:00:00+07','2020-06-17 09:00:00+07');
INSERT INTO players(deleted_row,updatedby,id,name,position_id,club_id,rate,goal,price,start_line_up,"createdAt","updatedAt") VALUES ('FALSE','Damien',200,'Sabaly Youssouf',3,2,5,0,10,100,'2020-06-17 09:00:00+07','2020-06-17 09:00:00+07');
INSERT INTO players(deleted_row,updatedby,id,name,position_id,club_id,rate,goal,price,start_line_up,"createdAt","updatedAt") VALUES ('FALSE','Damien',201,'Chirivella Pedro',4,13,4.8,0,10,100,'2020-06-17 09:00:00+07','2020-06-17 09:00:00+07');
INSERT INTO players(deleted_row,updatedby,id,name,position_id,club_id,rate,goal,price,start_line_up,"createdAt","updatedAt") VALUES ('FALSE','Damien',202,'Honorat Franck',5,3,5.2,1,10,33,'2020-06-17 09:00:00+07','2020-06-17 09:00:00+07');
INSERT INTO players(deleted_row,updatedby,id,name,position_id,club_id,rate,goal,price,start_line_up,"createdAt","updatedAt") VALUES ('FALSE','Damien',203,'Moreto Cassama ',4,17,5.1,0,10,67,'2020-06-17 09:00:00+07','2020-06-17 09:00:00+07');
INSERT INTO players(deleted_row,updatedby,id,name,position_id,club_id,rate,goal,price,start_line_up,"createdAt","updatedAt") VALUES ('FALSE','Damien',204,'Angban Victorien',4,10,5.2,0,10,83,'2020-06-17 09:00:00+07','2020-06-17 09:00:00+07');
INSERT INTO players(deleted_row,updatedby,id,name,position_id,club_id,rate,goal,price,start_line_up,"createdAt","updatedAt") VALUES ('FALSE','Damien',205,'Benrahou Yassine',5,15,4.5,0,10,67,'2020-06-17 09:00:00+07','2020-06-17 09:00:00+07');
INSERT INTO players(deleted_row,updatedby,id,name,position_id,club_id,rate,goal,price,start_line_up,"createdAt","updatedAt") VALUES ('FALSE','Damien',206,'Laporte Julien',2,7,4.1,0,10,83,'2020-06-17 09:00:00+07','2020-06-17 09:00:00+07');
INSERT INTO players(deleted_row,updatedby,id,name,position_id,club_id,rate,goal,price,start_line_up,"createdAt","updatedAt") VALUES ('FALSE','Damien',207,'Reine-Adelaide Jeff',5,14,5.5,0,10,0,'2020-06-17 09:00:00+07','2020-06-17 09:00:00+07');
INSERT INTO players(deleted_row,updatedby,id,name,position_id,club_id,rate,goal,price,start_line_up,"createdAt","updatedAt") VALUES ('FALSE','Damien',208,'Panzo Jonathan',2,4,4.6,0,10,67,'2020-06-17 09:00:00+07','2020-06-17 09:00:00+07');
INSERT INTO players(deleted_row,updatedby,id,name,position_id,club_id,rate,goal,price,start_line_up,"createdAt","updatedAt") VALUES ('FALSE','Damien',209,'Dalbert ',3,18,0,0,10,0,'2020-06-17 09:00:00+07','2020-06-17 09:00:00+07');
INSERT INTO players(deleted_row,updatedby,id,name,position_id,club_id,rate,goal,price,start_line_up,"createdAt","updatedAt") VALUES ('FALSE','Damien',210,'Cafaro Mathieu',5,17,5,0,10,67,'2020-06-17 09:00:00+07','2020-06-17 09:00:00+07');
INSERT INTO players(deleted_row,updatedby,id,name,position_id,club_id,rate,goal,price,start_line_up,"createdAt","updatedAt") VALUES ('FALSE','Damien',211,'Fofana Mamadou',2,10,4.8,0,10,50,'2020-06-17 09:00:00+07','2020-06-17 09:00:00+07');
INSERT INTO players(deleted_row,updatedby,id,name,position_id,club_id,rate,goal,price,start_line_up,"createdAt","updatedAt") VALUES ('FALSE','Damien',212,'Fomba Lamine',4,15,5.4,0,10,50,'2020-06-17 09:00:00+07','2020-06-17 09:00:00+07');
INSERT INTO players(deleted_row,updatedby,id,name,position_id,club_id,rate,goal,price,start_line_up,"createdAt","updatedAt") VALUES ('FALSE','Damien',213,'Tchouameni Aurelien',4,11,5.2,0,10,83,'2020-06-17 09:00:00+07','2020-06-17 09:00:00+07');
INSERT INTO players(deleted_row,updatedby,id,name,position_id,club_id,rate,goal,price,start_line_up,"createdAt","updatedAt") VALUES ('FALSE','Damien',214,'Del Castillo Romain',6,18,5.6,0,10,17,'2020-06-17 09:00:00+07','2020-06-17 09:00:00+07');
INSERT INTO players(deleted_row,updatedby,id,name,position_id,club_id,rate,goal,price,start_line_up,"createdAt","updatedAt") VALUES ('FALSE','Damien',215,'Pierre-Gabriel Ronael',3,3,4.4,0,10,83,'2020-06-17 09:00:00+07','2020-06-17 09:00:00+07');
INSERT INTO players(deleted_row,updatedby,id,name,position_id,club_id,rate,goal,price,start_line_up,"createdAt","updatedAt") VALUES ('FALSE','Damien',216,'Boisgard Quentin',5,7,5,0,10,67,'2020-06-17 09:00:00+07','2020-06-17 09:00:00+07');
INSERT INTO players(deleted_row,updatedby,id,name,position_id,club_id,rate,goal,price,start_line_up,"createdAt","updatedAt") VALUES ('FALSE','Damien',217,'Bellegarde Jean-Ricner',4,20,4.8,0,10,83,'2020-06-17 09:00:00+07','2020-06-17 09:00:00+07');
INSERT INTO players(deleted_row,updatedby,id,name,position_id,club_id,rate,goal,price,start_line_up,"createdAt","updatedAt") VALUES ('FALSE','Damien',218,'Duverne Jean-Kevin',2,3,4.3,0,10,100,'2020-06-17 09:00:00+07','2020-06-17 09:00:00+07');
INSERT INTO players(deleted_row,updatedby,id,name,position_id,club_id,rate,goal,price,start_line_up,"createdAt","updatedAt") VALUES ('FALSE','Damien',219,'Cardona Irvin',6,3,4.5,1,10,33,'2020-06-17 09:00:00+07','2020-06-17 09:00:00+07');
INSERT INTO players(deleted_row,updatedby,id,name,position_id,club_id,rate,goal,price,start_line_up,"createdAt","updatedAt") VALUES ('FALSE','Damien',220,'Kolo Muani Randal',6,13,5.2,0,10,83,'2020-06-17 09:00:00+07','2020-06-17 09:00:00+07');
INSERT INTO players(deleted_row,updatedby,id,name,position_id,club_id,rate,goal,price,start_line_up,"createdAt","updatedAt") VALUES ('FALSE','Damien',221,'Scheidler Aurelien',6,4,4.3,1,10,50,'2020-06-17 09:00:00+07','2020-06-17 09:00:00+07');
INSERT INTO players(deleted_row,updatedby,id,name,position_id,club_id,rate,goal,price,start_line_up,"createdAt","updatedAt") VALUES ('FALSE','Damien',222,'Simakan Mohamed',2,20,4.7,0,10,100,'2020-06-17 09:00:00+07','2020-06-17 09:00:00+07');
INSERT INTO players(deleted_row,updatedby,id,name,position_id,club_id,rate,goal,price,start_line_up,"createdAt","updatedAt") VALUES ('FALSE','Damien',223,'Cherki Rayan',5,8,5.2,0,10,33,'2020-06-17 09:00:00+07','2020-06-17 09:00:00+07');
INSERT INTO players(deleted_row,updatedby,id,name,position_id,club_id,rate,goal,price,start_line_up,"createdAt","updatedAt") VALUES ('FALSE','Damien',224,'Macon Yvann',3,19,5.3,1,10,100,'2020-06-17 09:00:00+07','2020-06-17 09:00:00+07');
INSERT INTO players(deleted_row,updatedby,id,name,position_id,club_id,rate,goal,price,start_line_up,"createdAt","updatedAt") VALUES ('FALSE','Damien',225,'Debuchy Mathieu',3,19,5.3,0,9,50,'2020-06-17 09:00:00+07','2020-06-17 09:00:00+07');
INSERT INTO players(deleted_row,updatedby,id,name,position_id,club_id,rate,goal,price,start_line_up,"createdAt","updatedAt") VALUES ('FALSE','Damien',226,'Morel Jeremy',2,7,4.3,0,9,100,'2020-06-17 09:00:00+07','2020-06-17 09:00:00+07');
INSERT INTO players(deleted_row,updatedby,id,name,position_id,club_id,rate,goal,price,start_line_up,"createdAt","updatedAt") VALUES ('FALSE','Damien',227,'Nagatomo Yuto',3,9,4.8,0,9,33,'2020-06-17 09:00:00+07','2020-06-17 09:00:00+07');
INSERT INTO players(deleted_row,updatedby,id,name,position_id,club_id,rate,goal,price,start_line_up,"createdAt","updatedAt") VALUES ('FALSE','Damien',228,'Amalfitano Romain',4,4,4.5,0,9,17,'2020-06-17 09:00:00+07','2020-06-17 09:00:00+07');
INSERT INTO players(deleted_row,updatedby,id,name,position_id,club_id,rate,goal,price,start_line_up,"createdAt","updatedAt") VALUES ('FALSE','Damien',229,'Sarabia Pablo',5,16,4.7,0,9,50,'2020-06-17 09:00:00+07','2020-06-17 09:00:00+07');
INSERT INTO players(deleted_row,updatedby,id,name,position_id,club_id,rate,goal,price,start_line_up,"createdAt","updatedAt") VALUES ('FALSE','Damien',230,'Massadio Haidara ',3,5,5.5,0,9,17,'2020-06-17 09:00:00+07','2020-06-17 09:00:00+07');
INSERT INTO players(deleted_row,updatedby,id,name,position_id,club_id,rate,goal,price,start_line_up,"createdAt","updatedAt") VALUES ('FALSE','Damien',231,'Germain Valere',6,9,4.7,1,9,0,'2020-06-17 09:00:00+07','2020-06-17 09:00:00+07');
INSERT INTO players(deleted_row,updatedby,id,name,position_id,club_id,rate,goal,price,start_line_up,"createdAt","updatedAt") VALUES ('FALSE','Damien',232,'Boulaya Farid',5,10,5.5,0,9,67,'2020-06-17 09:00:00+07','2020-06-17 09:00:00+07');
INSERT INTO players(deleted_row,updatedby,id,name,position_id,club_id,rate,goal,price,start_line_up,"createdAt","updatedAt") VALUES ('FALSE','Damien',233,'Celina Bersant',5,4,5.1,0,9,33,'2020-06-17 09:00:00+07','2020-06-17 09:00:00+07');
INSERT INTO players(deleted_row,updatedby,id,name,position_id,club_id,rate,goal,price,start_line_up,"createdAt","updatedAt") VALUES ('FALSE','Damien',234,'Gelson Martins ',6,11,5,0,9,67,'2020-06-17 09:00:00+07','2020-06-17 09:00:00+07');
INSERT INTO players(deleted_row,updatedby,id,name,position_id,club_id,rate,goal,price,start_line_up,"createdAt","updatedAt") VALUES ('FALSE','Damien',235,'Eliasson Niclas',4,15,0,0,9,0,'2020-06-17 09:00:00+07','2020-06-17 09:00:00+07');
INSERT INTO players(deleted_row,updatedby,id,name,position_id,club_id,rate,goal,price,start_line_up,"createdAt","updatedAt") VALUES ('FALSE','Damien',236,'Toure Abdoulaye',4,13,4.5,0,9,17,'2020-06-17 09:00:00+07','2020-06-17 09:00:00+07');
INSERT INTO players(deleted_row,updatedby,id,name,position_id,club_id,rate,goal,price,start_line_up,"createdAt","updatedAt") VALUES ('FALSE','Damien',237,'Chardonnet Brendan',2,3,4.9,0,9,33,'2020-06-17 09:00:00+07','2020-06-17 09:00:00+07');
INSERT INTO players(deleted_row,updatedby,id,name,position_id,club_id,rate,goal,price,start_line_up,"createdAt","updatedAt") VALUES ('FALSE','Damien',238,'Steven Fortes ',2,5,5,0,9,17,'2020-06-17 09:00:00+07','2020-06-17 09:00:00+07');
INSERT INTO players(deleted_row,updatedby,id,name,position_id,club_id,rate,goal,price,start_line_up,"createdAt","updatedAt") VALUES ('FALSE','Damien',239,'Oyongo Ambroise',3,12,5.1,0,9,0,'2020-06-17 09:00:00+07','2020-06-17 09:00:00+07');
INSERT INTO players(deleted_row,updatedby,id,name,position_id,club_id,rate,goal,price,start_line_up,"createdAt","updatedAt") VALUES ('FALSE','Damien',240,'Augustin Jean-Kevin',6,13,0,0,9,0,'2020-06-17 09:00:00+07','2020-06-17 09:00:00+07');
INSERT INTO players(deleted_row,updatedby,id,name,position_id,club_id,rate,goal,price,start_line_up,"createdAt","updatedAt") VALUES ('FALSE','Damien',241,'Assale Roger',6,4,3.5,0,9,33,'2020-06-17 09:00:00+07','2020-06-17 09:00:00+07');
INSERT INTO players(deleted_row,updatedby,id,name,position_id,club_id,rate,goal,price,start_line_up,"createdAt","updatedAt") VALUES ('FALSE','Damien',242,'Pape Cheikh Diop Gueye ',4,4,4.1,0,9,67,'2020-06-17 09:00:00+07','2020-06-17 09:00:00+07');
INSERT INTO players(deleted_row,updatedby,id,name,position_id,club_id,rate,goal,price,start_line_up,"createdAt","updatedAt") VALUES ('FALSE','Damien',243,'Cuisance Michael',4,9,0,0,9,0,'2020-06-17 09:00:00+07','2020-06-17 09:00:00+07');
INSERT INTO players(deleted_row,updatedby,id,name,position_id,club_id,rate,goal,price,start_line_up,"createdAt","updatedAt") VALUES ('FALSE','Damien',244,'Chouiar Mounir',5,4,4.5,0,9,50,'2020-06-17 09:00:00+07','2020-06-17 09:00:00+07');
INSERT INTO players(deleted_row,updatedby,id,name,position_id,club_id,rate,goal,price,start_line_up,"createdAt","updatedAt") VALUES ('FALSE','Damien',245,'Ristic Mihailo',3,12,5.2,0,9,100,'2020-06-17 09:00:00+07','2020-06-17 09:00:00+07');
INSERT INTO players(deleted_row,updatedby,id,name,position_id,club_id,rate,goal,price,start_line_up,"createdAt","updatedAt") VALUES ('FALSE','Damien',246,'Moukoudi Harold',2,19,4.5,0,9,50,'2020-06-17 09:00:00+07','2020-06-17 09:00:00+07');
INSERT INTO players(deleted_row,updatedby,id,name,position_id,club_id,rate,goal,price,start_line_up,"createdAt","updatedAt") VALUES ('FALSE','Damien',247,'Lassana Coulibaly ',4,1,4.9,0,9,33,'2020-06-17 09:00:00+07','2020-06-17 09:00:00+07');
INSERT INTO players(deleted_row,updatedby,id,name,position_id,club_id,rate,goal,price,start_line_up,"createdAt","updatedAt") VALUES ('FALSE','Damien',248,'Kadewere Tinotenda',6,8,4.5,0,9,33,'2020-06-17 09:00:00+07','2020-06-17 09:00:00+07');
INSERT INTO players(deleted_row,updatedby,id,name,position_id,club_id,rate,goal,price,start_line_up,"createdAt","updatedAt") VALUES ('FALSE','Damien',249,'Gravillon Andreaw',2,7,0,0,9,0,'2020-06-17 09:00:00+07','2020-06-17 09:00:00+07');
INSERT INTO players(deleted_row,updatedby,id,name,position_id,club_id,rate,goal,price,start_line_up,"createdAt","updatedAt") VALUES ('FALSE','Damien',250,'Lucas Paquet ',5,8,0,0,9,0,'2020-06-17 09:00:00+07','2020-06-17 09:00:00+07');
INSERT INTO players(deleted_row,updatedby,id,name,position_id,club_id,rate,goal,price,start_line_up,"createdAt","updatedAt") VALUES ('FALSE','Damien',251,'Ballo-Toure Fode',3,11,5.3,0,9,50,'2020-06-17 09:00:00+07','2020-06-17 09:00:00+07');
INSERT INTO players(deleted_row,updatedby,id,name,position_id,club_id,rate,goal,price,start_line_up,"createdAt","updatedAt") VALUES ('FALSE','Damien',252,'Sissoko Ibrahima',4,20,4.8,0,9,83,'2020-06-17 09:00:00+07','2020-06-17 09:00:00+07');
INSERT INTO players(deleted_row,updatedby,id,name,position_id,club_id,rate,goal,price,start_line_up,"createdAt","updatedAt") VALUES ('FALSE','Damien',253,'Michelin Clement',3,5,5.2,0,9,33,'2020-06-17 09:00:00+07','2020-06-17 09:00:00+07');
INSERT INTO players(deleted_row,updatedby,id,name,position_id,club_id,rate,goal,price,start_line_up,"createdAt","updatedAt") VALUES ('FALSE','Damien',254,'Radovanovic Aleksandar',2,5,0,0,9,0,'2020-06-17 09:00:00+07','2020-06-17 09:00:00+07');
INSERT INTO players(deleted_row,updatedby,id,name,position_id,club_id,rate,goal,price,start_line_up,"createdAt","updatedAt") VALUES ('FALSE','Damien',255,'Nordin Arnaud',5,19,5.4,0,9,83,'2020-06-17 09:00:00+07','2020-06-17 09:00:00+07');
INSERT INTO players(deleted_row,updatedby,id,name,position_id,club_id,rate,goal,price,start_line_up,"createdAt","updatedAt") VALUES ('FALSE','Damien',256,'Xeka ',4,6,5.9,0,9,33,'2020-06-17 09:00:00+07','2020-06-17 09:00:00+07');
INSERT INTO players(deleted_row,updatedby,id,name,position_id,club_id,rate,goal,price,start_line_up,"createdAt","updatedAt") VALUES ('FALSE','Damien',257,'Geubbels Willem',6,11,4.8,1,9,0,'2020-06-17 09:00:00+07','2020-06-17 09:00:00+07');
INSERT INTO players(deleted_row,updatedby,id,name,position_id,club_id,rate,goal,price,start_line_up,"createdAt","updatedAt") VALUES ('FALSE','Damien',258,'Konan Ghislain',3,17,4.5,0,9,100,'2020-06-17 09:00:00+07','2020-06-17 09:00:00+07');
INSERT INTO players(deleted_row,updatedby,id,name,position_id,club_id,rate,goal,price,start_line_up,"createdAt","updatedAt") VALUES ('FALSE','Damien',259,'Denkey Kevin',6,15,4.8,1,9,67,'2020-06-17 09:00:00+07','2020-06-17 09:00:00+07');
INSERT INTO players(deleted_row,updatedby,id,name,position_id,club_id,rate,goal,price,start_line_up,"createdAt","updatedAt") VALUES ('FALSE','Damien',260,'Bamba Abdoul Kader',5,13,4.8,0,9,33,'2020-06-17 09:00:00+07','2020-06-17 09:00:00+07');
INSERT INTO players(deleted_row,updatedby,id,name,position_id,club_id,rate,goal,price,start_line_up,"createdAt","updatedAt") VALUES ('FALSE','Damien',261,'Toure El Bilal',6,17,4.4,1,9,83,'2020-06-17 09:00:00+07','2020-06-17 09:00:00+07');
INSERT INTO players(deleted_row,updatedby,id,name,position_id,club_id,rate,goal,price,start_line_up,"createdAt","updatedAt") VALUES ('FALSE','Damien',262,'Mbuku Nathanael',6,17,5.3,0,9,33,'2020-06-17 09:00:00+07','2020-06-17 09:00:00+07');
INSERT INTO players(deleted_row,updatedby,id,name,position_id,club_id,rate,goal,price,start_line_up,"createdAt","updatedAt") VALUES ('FALSE','Damien',263,'Le Fee Enzo',5,7,5.1,0,9,67,'2020-06-17 09:00:00+07','2020-06-17 09:00:00+07');
INSERT INTO players(deleted_row,updatedby,id,name,position_id,club_id,rate,goal,price,start_line_up,"createdAt","updatedAt") VALUES ('FALSE','Damien',264,'Ben Arfa Hatem',5,2,0,0,8,0,'2020-06-17 09:00:00+07','2020-06-17 09:00:00+07');
INSERT INTO players(deleted_row,updatedby,id,name,position_id,club_id,rate,goal,price,start_line_up,"createdAt","updatedAt") VALUES ('FALSE','Damien',265,'Briand Jimmy',6,2,4.5,0,8,17,'2020-06-17 09:00:00+07','2020-06-17 09:00:00+07');
INSERT INTO players(deleted_row,updatedby,id,name,position_id,club_id,rate,goal,price,start_line_up,"createdAt","updatedAt") VALUES ('FALSE','Damien',266,'Marveaux Sylvain',5,7,5,0,8,17,'2020-06-17 09:00:00+07','2020-06-17 09:00:00+07');
INSERT INTO players(deleted_row,updatedby,id,name,position_id,club_id,rate,goal,price,start_line_up,"createdAt","updatedAt") VALUES ('FALSE','Damien',267,'Kone Lamine',2,20,3.8,0,8,33,'2020-06-17 09:00:00+07','2020-06-17 09:00:00+07');
INSERT INTO players(deleted_row,updatedby,id,name,position_id,club_id,rate,goal,price,start_line_up,"createdAt","updatedAt") VALUES ('FALSE','Damien',268,'Thomas Romain',2,1,5.2,0,8,50,'2020-06-17 09:00:00+07','2020-06-17 09:00:00+07');
INSERT INTO players(deleted_row,updatedby,id,name,position_id,club_id,rate,goal,price,start_line_up,"createdAt","updatedAt") VALUES ('FALSE','Damien',269,'Jovetic Stevan',6,11,4.7,0,8,17,'2020-06-17 09:00:00+07','2020-06-17 09:00:00+07');
INSERT INTO players(deleted_row,updatedby,id,name,position_id,club_id,rate,goal,price,start_line_up,"createdAt","updatedAt") VALUES ('FALSE','Damien',270,'Roux Nolan',6,15,4.4,0,8,17,'2020-06-17 09:00:00+07','2020-06-17 09:00:00+07');
INSERT INTO players(deleted_row,updatedby,id,name,position_id,club_id,rate,goal,price,start_line_up,"createdAt","updatedAt") VALUES ('FALSE','Damien',271,'Kolodziejczak Timothee',2,19,5,0,8,100,'2020-06-17 09:00:00+07','2020-06-17 09:00:00+07');
INSERT INTO players(deleted_row,updatedby,id,name,position_id,club_id,rate,goal,price,start_line_up,"createdAt","updatedAt") VALUES ('FALSE','Damien',272,'Fontaine Thomas',2,7,4.2,0,8,50,'2020-06-17 09:00:00+07','2020-06-17 09:00:00+07');
INSERT INTO players(deleted_row,updatedby,id,name,position_id,club_id,rate,goal,price,start_line_up,"createdAt","updatedAt") VALUES ('FALSE','Damien',273,'Herrera Ander',4,16,5.3,0,8,50,'2020-06-17 09:00:00+07','2020-06-17 09:00:00+07');
INSERT INTO players(deleted_row,updatedby,id,name,position_id,club_id,rate,goal,price,start_line_up,"createdAt","updatedAt") VALUES ('FALSE','Damien',274,'Corchia Sebastien',3,13,0,0,8,0,'2020-06-17 09:00:00+07','2020-06-17 09:00:00+07');
INSERT INTO players(deleted_row,updatedby,id,name,position_id,club_id,rate,goal,price,start_line_up,"createdAt","updatedAt") VALUES ('FALSE','Damien',275,'Berisha Valon',5,17,4.6,0,8,33,'2020-06-17 09:00:00+07','2020-06-17 09:00:00+07');
INSERT INTO players(deleted_row,updatedby,id,name,position_id,club_id,rate,goal,price,start_line_up,"createdAt","updatedAt") VALUES ('FALSE','Damien',276,'Pavlovic Mateo',2,1,3.6,0,8,50,'2020-06-17 09:00:00+07','2020-06-17 09:00:00+07');
INSERT INTO players(deleted_row,updatedby,id,name,position_id,club_id,rate,goal,price,start_line_up,"createdAt","updatedAt") VALUES ('FALSE','Damien',277,'Saunier Matthieu',2,7,0,0,8,0,'2020-06-17 09:00:00+07','2020-06-17 09:00:00+07');
INSERT INTO players(deleted_row,updatedby,id,name,position_id,club_id,rate,goal,price,start_line_up,"createdAt","updatedAt") VALUES ('FALSE','Damien',278,'Majeed Waris ',6,20,4.2,0,8,50,'2020-06-17 09:00:00+07','2020-06-17 09:00:00+07');
INSERT INTO players(deleted_row,updatedby,id,name,position_id,club_id,rate,goal,price,start_line_up,"createdAt","updatedAt") VALUES ('FALSE','Damien',279,'Lautoa Wesley',2,4,4.3,0,8,33,'2020-06-17 09:00:00+07','2020-06-17 09:00:00+07');
INSERT INTO players(deleted_row,updatedby,id,name,position_id,club_id,rate,goal,price,start_line_up,"createdAt","updatedAt") VALUES ('FALSE','Damien',280,'Carole Lionel',3,20,4.3,0,8,50,'2020-06-17 09:00:00+07','2020-06-17 09:00:00+07');
INSERT INTO players(deleted_row,updatedby,id,name,position_id,club_id,rate,goal,price,start_line_up,"createdAt","updatedAt") VALUES ('FALSE','Damien',281,'Danilo Pereira ',4,16,0,0,8,0,'2020-06-17 09:00:00+07','2020-06-17 09:00:00+07');
INSERT INTO players(deleted_row,updatedby,id,name,position_id,club_id,rate,goal,price,start_line_up,"createdAt","updatedAt") VALUES ('FALSE','Damien',282,'Landre Lo ck',2,15,4.3,0,8,100,'2020-06-17 09:00:00+07','2020-06-17 09:00:00+07');
INSERT INTO players(deleted_row,updatedby,id,name,position_id,club_id,rate,goal,price,start_line_up,"createdAt","updatedAt") VALUES ('FALSE','Damien',283,'Rafinha ',5,16,0,0,8,0,'2020-06-17 09:00:00+07','2020-06-17 09:00:00+07');
INSERT INTO players(deleted_row,updatedby,id,name,position_id,club_id,rate,goal,price,start_line_up,"createdAt","updatedAt") VALUES ('FALSE','Damien',284,'Martinez Pablo',2,15,5.2,0,8,50,'2020-06-17 09:00:00+07','2020-06-17 09:00:00+07');
INSERT INTO players(deleted_row,updatedby,id,name,position_id,club_id,rate,goal,price,start_line_up,"createdAt","updatedAt") VALUES ('FALSE','Damien',285,'Battocchio Cristian',5,3,5,0,8,0,'2020-06-17 09:00:00+07','2020-06-17 09:00:00+07');
INSERT INTO players(deleted_row,updatedby,id,name,position_id,club_id,rate,goal,price,start_line_up,"createdAt","updatedAt") VALUES ('FALSE','Damien',286,'Alioui Rachid',6,1,0,0,8,0,'2020-06-17 09:00:00+07','2020-06-17 09:00:00+07');
INSERT INTO players(deleted_row,updatedby,id,name,position_id,club_id,rate,goal,price,start_line_up,"createdAt","updatedAt") VALUES ('FALSE','Damien',287,'Sidibe Djibril',3,11,5,0,8,33,'2020-06-17 09:00:00+07','2020-06-17 09:00:00+07');
INSERT INTO players(deleted_row,updatedby,id,name,position_id,club_id,rate,goal,price,start_line_up,"createdAt","updatedAt") VALUES ('FALSE','Damien',288,'Prcic Sanjin',4,20,4.8,0,8,17,'2020-06-17 09:00:00+07','2020-06-17 09:00:00+07');
INSERT INTO players(deleted_row,updatedby,id,name,position_id,club_id,rate,goal,price,start_line_up,"createdAt","updatedAt") VALUES ('FALSE','Damien',289,'De Sciglio Mattia',3,8,5,0,8,0,'2020-06-17 09:00:00+07','2020-06-17 09:00:00+07');
INSERT INTO players(deleted_row,updatedby,id,name,position_id,club_id,rate,goal,price,start_line_up,"createdAt","updatedAt") VALUES ('FALSE','Damien',290,'Diony Lois',6,1,4.5,0,8,0,'2020-06-17 09:00:00+07','2020-06-17 09:00:00+07');
INSERT INTO players(deleted_row,updatedby,id,name,position_id,club_id,rate,goal,price,start_line_up,"createdAt","updatedAt") VALUES ('FALSE','Damien',291,'Rugani Daniele',2,18,0,0,8,0,'2020-06-17 09:00:00+07','2020-06-17 09:00:00+07');
INSERT INTO players(deleted_row,updatedby,id,name,position_id,club_id,rate,goal,price,start_line_up,"createdAt","updatedAt") VALUES ('FALSE','Damien',292,'Marie Jordan',4,4,4.5,0,8,67,'2020-06-17 09:00:00+07','2020-06-17 09:00:00+07');
INSERT INTO players(deleted_row,updatedby,id,name,position_id,club_id,rate,goal,price,start_line_up,"createdAt","updatedAt") VALUES ('FALSE','Damien',293,'Tait Flavien',5,18,5.1,0,8,33,'2020-06-17 09:00:00+07','2020-06-17 09:00:00+07');
INSERT INTO players(deleted_row,updatedby,id,name,position_id,club_id,rate,goal,price,start_line_up,"createdAt","updatedAt") VALUES ('FALSE','Damien',294,'Mavididi Stephy',6,12,4.5,0,8,0,'2020-06-17 09:00:00+07','2020-06-17 09:00:00+07');
INSERT INTO players(deleted_row,updatedby,id,name,position_id,club_id,rate,goal,price,start_line_up,"createdAt","updatedAt") VALUES ('FALSE','Damien',295,'Maripan Guillermo',2,11,5,0,8,0,'2020-06-17 09:00:00+07','2020-06-17 09:00:00+07');
INSERT INTO players(deleted_row,updatedby,id,name,position_id,club_id,rate,goal,price,start_line_up,"createdAt","updatedAt") VALUES ('FALSE','Damien',296,'Emond Renaud',6,13,4.9,1,8,0,'2020-06-17 09:00:00+07','2020-06-17 09:00:00+07');
INSERT INTO players(deleted_row,updatedby,id,name,position_id,club_id,rate,goal,price,start_line_up,"createdAt","updatedAt") VALUES ('FALSE','Damien',297,'Paquiez Gaetan',3,15,5.5,0,8,33,'2020-06-17 09:00:00+07','2020-06-17 09:00:00+07');
INSERT INTO players(deleted_row,updatedby,id,name,position_id,club_id,rate,goal,price,start_line_up,"createdAt","updatedAt") VALUES ('FALSE','Damien',298,'Ambrose Thierry',6,10,4.9,0,8,17,'2020-06-17 09:00:00+07','2020-06-17 09:00:00+07');
INSERT INTO players(deleted_row,updatedby,id,name,position_id,club_id,rate,goal,price,start_line_up,"createdAt","updatedAt") VALUES ('FALSE','Damien',299,'Chal Anibal',3,4,4.4,0,8,67,'2020-06-17 09:00:00+07','2020-06-17 09:00:00+07');
INSERT INTO players(deleted_row,updatedby,id,name,position_id,club_id,rate,goal,price,start_line_up,"createdAt","updatedAt") VALUES ('FALSE','Damien',300,'Gradit Jonathan',3,5,4.8,0,8,100,'2020-06-17 09:00:00+07','2020-06-17 09:00:00+07');
INSERT INTO players(deleted_row,updatedby,id,name,position_id,club_id,rate,goal,price,start_line_up,"createdAt","updatedAt") VALUES ('FALSE','Damien',301,'Kutesa Dereck',5,17,4.9,0,8,33,'2020-06-17 09:00:00+07','2020-06-17 09:00:00+07');
INSERT INTO players(deleted_row,updatedby,id,name,position_id,club_id,rate,goal,price,start_line_up,"createdAt","updatedAt") VALUES ('FALSE','Damien',302,'Doumbia Moussa',5,17,0,0,8,0,'2020-06-17 09:00:00+07','2020-06-17 09:00:00+07');
INSERT INTO players(deleted_row,updatedby,id,name,position_id,club_id,rate,goal,price,start_line_up,"createdAt","updatedAt") VALUES ('FALSE','Damien',303,'Mauricio Tony',5,5,5.1,0,8,0,'2020-06-17 09:00:00+07','2020-06-17 09:00:00+07');
INSERT INTO players(deleted_row,updatedby,id,name,position_id,club_id,rate,goal,price,start_line_up,"createdAt","updatedAt") VALUES ('FALSE','Damien',304,'Miguel Florian',3,15,5,0,8,17,'2020-06-17 09:00:00+07','2020-06-17 09:00:00+07');
INSERT INTO players(deleted_row,updatedby,id,name,position_id,club_id,rate,goal,price,start_line_up,"createdAt","updatedAt") VALUES ('FALSE','Damien',305,'Coco Marcus',5,13,5.2,0,8,50,'2020-06-17 09:00:00+07','2020-06-17 09:00:00+07');
INSERT INTO players(deleted_row,updatedby,id,name,position_id,club_id,rate,goal,price,start_line_up,"createdAt","updatedAt") VALUES ('FALSE','Damien',306,'Maolida Myziane',6,14,4.7,0,8,33,'2020-06-17 09:00:00+07','2020-06-17 09:00:00+07');
INSERT INTO players(deleted_row,updatedby,id,name,position_id,club_id,rate,goal,price,start_line_up,"createdAt","updatedAt") VALUES ('FALSE','Damien',307,'Faitout Maouassa ',3,18,5.1,0,8,67,'2020-06-17 09:00:00+07','2020-06-17 09:00:00+07');
INSERT INTO players(deleted_row,updatedby,id,name,position_id,club_id,rate,goal,price,start_line_up,"createdAt","updatedAt") VALUES ('FALSE','Damien',308,'Kwateng Enock',3,2,5.3,0,8,0,'2020-06-17 09:00:00+07','2020-06-17 09:00:00+07');
INSERT INTO players(deleted_row,updatedby,id,name,position_id,club_id,rate,goal,price,start_line_up,"createdAt","updatedAt") VALUES ('FALSE','Damien',309,'Faes Wout',2,17,4.4,0,8,67,'2020-06-17 09:00:00+07','2020-06-17 09:00:00+07');
INSERT INTO players(deleted_row,updatedby,id,name,position_id,club_id,rate,goal,price,start_line_up,"createdAt","updatedAt") VALUES ('FALSE','Damien',310,'Claude Maurice Alexis',5,14,4.7,0,8,17,'2020-06-17 09:00:00+07','2020-06-17 09:00:00+07');
INSERT INTO players(deleted_row,updatedby,id,name,position_id,club_id,rate,goal,price,start_line_up,"createdAt","updatedAt") VALUES ('FALSE','Damien',311,'Banza Simon',6,5,4.8,0,8,17,'2020-06-17 09:00:00+07','2020-06-17 09:00:00+07');
INSERT INTO players(deleted_row,updatedby,id,name,position_id,club_id,rate,goal,price,start_line_up,"createdAt","updatedAt") VALUES ('FALSE','Damien',312,'Soumare Boubakary',4,6,4.9,0,8,33,'2020-06-17 09:00:00+07','2020-06-17 09:00:00+07');
INSERT INTO players(deleted_row,updatedby,id,name,position_id,club_id,rate,goal,price,start_line_up,"createdAt","updatedAt") VALUES ('FALSE','Damien',313,'Maresic Dario',2,17,4.5,0,8,50,'2020-06-17 09:00:00+07','2020-06-17 09:00:00+07');
INSERT INTO players(deleted_row,updatedby,id,name,position_id,club_id,rate,goal,price,start_line_up,"createdAt","updatedAt") VALUES ('FALSE','Damien',314,'Mendes Houboulang',3,7,3.8,0,8,100,'2020-06-17 09:00:00+07','2020-06-17 09:00:00+07');
INSERT INTO players(deleted_row,updatedby,id,name,position_id,club_id,rate,goal,price,start_line_up,"createdAt","updatedAt") VALUES ('FALSE','Damien',315,'Onyekuru Henry',5,11,4.8,0,8,33,'2020-06-17 09:00:00+07','2020-06-17 09:00:00+07');
INSERT INTO players(deleted_row,updatedby,id,name,position_id,club_id,rate,goal,price,start_line_up,"createdAt","updatedAt") VALUES ('FALSE','Damien',316,'Caci Anthony',3,20,4.3,0,8,50,'2020-06-17 09:00:00+07','2020-06-17 09:00:00+07');
INSERT INTO players(deleted_row,updatedby,id,name,position_id,club_id,rate,goal,price,start_line_up,"createdAt","updatedAt") VALUES ('FALSE','Damien',317,'Kean Moise',6,16,4.3,0,8,0,'2020-06-17 09:00:00+07','2020-06-17 09:00:00+07');
INSERT INTO players(deleted_row,updatedby,id,name,position_id,club_id,rate,goal,price,start_line_up,"createdAt","updatedAt") VALUES ('FALSE','Damien',318,'Neyou Yvan',4,19,5.4,0,8,83,'2020-06-17 09:00:00+07','2020-06-17 09:00:00+07');
INSERT INTO players(deleted_row,updatedby,id,name,position_id,club_id,rate,goal,price,start_line_up,"createdAt","updatedAt") VALUES ('FALSE','Damien',319,'Gueye Pape Alassane',4,9,4.7,0,8,17,'2020-06-17 09:00:00+07','2020-06-17 09:00:00+07');
INSERT INTO players(deleted_row,updatedby,id,name,position_id,club_id,rate,goal,price,start_line_up,"createdAt","updatedAt") VALUES ('FALSE','Damien',320,'Atal Youcef',3,14,4,0,8,33,'2020-06-17 09:00:00+07','2020-06-17 09:00:00+07');
INSERT INTO players(deleted_row,updatedby,id,name,position_id,club_id,rate,goal,price,start_line_up,"createdAt","updatedAt") VALUES ('FALSE','Damien',321,'Munetsi Marshall',4,17,4.5,0,8,67,'2020-06-17 09:00:00+07','2020-06-17 09:00:00+07');
INSERT INTO players(deleted_row,updatedby,id,name,position_id,club_id,rate,goal,price,start_line_up,"createdAt","updatedAt") VALUES ('FALSE','Damien',322,'Pelmard Andy',2,14,4.8,0,8,83,'2020-06-17 09:00:00+07','2020-06-17 09:00:00+07');
INSERT INTO players(deleted_row,updatedby,id,name,position_id,club_id,rate,goal,price,start_line_up,"createdAt","updatedAt") VALUES ('FALSE','Damien',323,'Daniliuc Flavius',2,14,5.2,0,8,0,'2020-06-17 09:00:00+07','2020-06-17 09:00:00+07');
INSERT INTO players(deleted_row,updatedby,id,name,position_id,club_id,rate,goal,price,start_line_up,"createdAt","updatedAt") VALUES ('FALSE','Damien',324,'Moffi Terem Igobor',6,7,0,0,8,0,'2020-06-17 09:00:00+07','2020-06-17 09:00:00+07');
INSERT INTO players(deleted_row,updatedby,id,name,position_id,club_id,rate,goal,price,start_line_up,"createdAt","updatedAt") VALUES ('FALSE','Damien',325,'Tchimbembe Warren',6,10,5,0,8,0,'2020-06-17 09:00:00+07','2020-06-17 09:00:00+07');
INSERT INTO players(deleted_row,updatedby,id,name,position_id,club_id,rate,goal,price,start_line_up,"createdAt","updatedAt") VALUES ('FALSE','Damien',326,'Gourna-Douath Lucas',4,19,4.9,0,8,0,'2020-06-17 09:00:00+07','2020-06-17 09:00:00+07');
INSERT INTO players(deleted_row,updatedby,id,name,position_id,club_id,rate,goal,price,start_line_up,"createdAt","updatedAt") VALUES ('FALSE','Damien',327,'Chotard Joris',4,12,4.7,0,8,17,'2020-06-17 09:00:00+07','2020-06-17 09:00:00+07');
INSERT INTO players(deleted_row,updatedby,id,name,position_id,club_id,rate,goal,price,start_line_up,"createdAt","updatedAt") VALUES ('FALSE','Damien',328,'M''Bock Hianga''a',4,3,5,0,8,0,'2020-06-17 09:00:00+07','2020-06-17 09:00:00+07');
INSERT INTO players(deleted_row,updatedby,id,name,position_id,club_id,rate,goal,price,start_line_up,"createdAt","updatedAt") VALUES ('FALSE','Damien',329,'Yade Papa Ndiaga',5,10,5.2,0,8,0,'2020-06-17 09:00:00+07','2020-06-17 09:00:00+07');
INSERT INTO players(deleted_row,updatedby,id,name,position_id,club_id,rate,goal,price,start_line_up,"createdAt","updatedAt") VALUES ('FALSE','Damien',330,'Truffert Adrien',3,18,7.5,1,8,0,'2020-06-17 09:00:00+07','2020-06-17 09:00:00+07');
INSERT INTO players(deleted_row,updatedby,id,name,position_id,club_id,rate,goal,price,start_line_up,"createdAt","updatedAt") VALUES ('FALSE','Damien',331,'Butelle Ludovic',1,1,0,0,7,0,'2020-06-17 09:00:00+07','2020-06-17 09:00:00+07');
INSERT INTO players(deleted_row,updatedby,id,name,position_id,club_id,rate,goal,price,start_line_up,"createdAt","updatedAt") VALUES ('FALSE','Damien',332,'Kawashima Eiji',1,20,4.5,0,7,33,'2020-06-17 09:00:00+07','2020-06-17 09:00:00+07');
INSERT INTO players(deleted_row,updatedby,id,name,position_id,club_id,rate,goal,price,start_line_up,"createdAt","updatedAt") VALUES ('FALSE','Damien',333,'Pele Yohann',1,9,0,0,7,0,'2020-06-17 09:00:00+07','2020-06-17 09:00:00+07');
INSERT INTO players(deleted_row,updatedby,id,name,position_id,club_id,rate,goal,price,start_line_up,"createdAt","updatedAt") VALUES ('FALSE','Damien',334,'Ruffier Stephane',1,19,0,0,7,0,'2020-06-17 09:00:00+07','2020-06-17 09:00:00+07');
INSERT INTO players(deleted_row,updatedby,id,name,position_id,club_id,rate,goal,price,start_line_up,"createdAt","updatedAt") VALUES ('FALSE','Damien',335,'Petric Denis',1,13,0,0,7,0,'2020-06-17 09:00:00+07','2020-06-17 09:00:00+07');
INSERT INTO players(deleted_row,updatedby,id,name,position_id,club_id,rate,goal,price,start_line_up,"createdAt","updatedAt") VALUES ('FALSE','Damien',336,'Dreyer Matthieu',1,7,0,0,7,0,'2020-06-17 09:00:00+07','2020-06-17 09:00:00+07');
INSERT INTO players(deleted_row,updatedby,id,name,position_id,club_id,rate,goal,price,start_line_up,"createdAt","updatedAt") VALUES ('FALSE','Damien',337,'Karnezis Orestis',1,6,0,0,7,0,'2020-06-17 09:00:00+07','2020-06-17 09:00:00+07');
INSERT INTO players(deleted_row,updatedby,id,name,position_id,club_id,rate,goal,price,start_line_up,"createdAt","updatedAt") VALUES ('FALSE','Damien',338,'Strootman Kevin',4,9,5.2,0,7,17,'2020-06-17 09:00:00+07','2020-06-17 09:00:00+07');
INSERT INTO players(deleted_row,updatedby,id,name,position_id,club_id,rate,goal,price,start_line_up,"createdAt","updatedAt") VALUES ('FALSE','Damien',339,'Sammaritano Frederic',5,4,4.9,0,7,17,'2020-06-17 09:00:00+07','2020-06-17 09:00:00+07');
INSERT INTO players(deleted_row,updatedby,id,name,position_id,club_id,rate,goal,price,start_line_up,"createdAt","updatedAt") VALUES ('FALSE','Damien',340,'Manceau Vincent',3,1,4.5,0,7,0,'2020-06-17 09:00:00+07','2020-06-17 09:00:00+07');
INSERT INTO players(deleted_row,updatedby,id,name,position_id,club_id,rate,goal,price,start_line_up,"createdAt","updatedAt") VALUES ('FALSE','Damien',341,'Boudebouz Ryad',5,19,0,0,7,0,'2020-06-17 09:00:00+07','2020-06-17 09:00:00+07');
INSERT INTO players(deleted_row,updatedby,id,name,position_id,club_id,rate,goal,price,start_line_up,"createdAt","updatedAt") VALUES ('FALSE','Damien',342,'Saadi Idriss',6,20,4.5,0,7,0,'2020-06-17 09:00:00+07','2020-06-17 09:00:00+07');
INSERT INTO players(deleted_row,updatedby,id,name,position_id,club_id,rate,goal,price,start_line_up,"createdAt","updatedAt") VALUES ('FALSE','Damien',343,'Martin Jonas',4,18,5.2,0,7,33,'2020-06-17 09:00:00+07','2020-06-17 09:00:00+07');
INSERT INTO players(deleted_row,updatedby,id,name,position_id,club_id,rate,goal,price,start_line_up,"createdAt","updatedAt") VALUES ('FALSE','Damien',344,'Kurzawa Layvin',3,16,4.3,0,7,17,'2020-06-17 09:00:00+07','2020-06-17 09:00:00+07');
INSERT INTO players(deleted_row,updatedby,id,name,position_id,club_id,rate,goal,price,start_line_up,"createdAt","updatedAt") VALUES ('FALSE','Damien',345,'Rico Sergio',1,16,4.5,0,7,17,'2020-06-17 09:00:00+07','2020-06-17 09:00:00+07');
INSERT INTO players(deleted_row,updatedby,id,name,position_id,club_id,rate,goal,price,start_line_up,"createdAt","updatedAt") VALUES ('FALSE','Damien',346,'Duljevic Haris',5,15,4.8,0,7,17,'2020-06-17 09:00:00+07','2020-06-17 09:00:00+07');
INSERT INTO players(deleted_row,updatedby,id,name,position_id,club_id,rate,goal,price,start_line_up,"createdAt","updatedAt") VALUES ('FALSE','Damien',347,'Caillard Marc-Aurele',1,10,0,0,7,0,'2020-06-17 09:00:00+07','2020-06-17 09:00:00+07');
INSERT INTO players(deleted_row,updatedby,id,name,position_id,club_id,rate,goal,price,start_line_up,"createdAt","updatedAt") VALUES ('FALSE','Damien',348,'Benzia Yassine',5,4,0,0,7,0,'2020-06-17 09:00:00+07','2020-06-17 09:00:00+07');
INSERT INTO players(deleted_row,updatedby,id,name,position_id,club_id,rate,goal,price,start_line_up,"createdAt","updatedAt") VALUES ('FALSE','Damien',349,'Jean Corentin',6,5,4.7,0,7,17,'2020-06-17 09:00:00+07','2020-06-17 09:00:00+07');
INSERT INTO players(deleted_row,updatedby,id,name,position_id,club_id,rate,goal,price,start_line_up,"createdAt","updatedAt") VALUES ('FALSE','Damien',350,'Castelletto Jean-Charles',2,13,5.3,0,7,0,'2020-06-17 09:00:00+07','2020-06-17 09:00:00+07');
INSERT INTO players(deleted_row,updatedby,id,name,position_id,club_id,rate,goal,price,start_line_up,"createdAt","updatedAt") VALUES ('FALSE','Damien',351,'Danilo ',4,14,0,0,7,0,'2020-06-17 09:00:00+07','2020-06-17 09:00:00+07');
INSERT INTO players(deleted_row,updatedby,id,name,position_id,club_id,rate,goal,price,start_line_up,"createdAt","updatedAt") VALUES ('FALSE','Damien',352,'Diallo Abdou',2,16,5,0,7,17,'2020-06-17 09:00:00+07','2020-06-17 09:00:00+07');
INSERT INTO players(deleted_row,updatedby,id,name,position_id,club_id,rate,goal,price,start_line_up,"createdAt","updatedAt") VALUES ('FALSE','Damien',353,'Radonjic Nemanja',5,9,4.5,0,7,17,'2020-06-17 09:00:00+07','2020-06-17 09:00:00+07');
INSERT INTO players(deleted_row,updatedby,id,name,position_id,club_id,rate,goal,price,start_line_up,"createdAt","updatedAt") VALUES ('FALSE','Damien',354,'Junior Sambia ',4,12,4.8,0,7,17,'2020-06-17 09:00:00+07','2020-06-17 09:00:00+07');
INSERT INTO players(deleted_row,updatedby,id,name,position_id,club_id,rate,goal,price,start_line_up,"createdAt","updatedAt") VALUES ('FALSE','Damien',355,'Poussin Gaetan',1,2,0,0,7,0,'2020-06-17 09:00:00+07','2020-06-17 09:00:00+07');
INSERT INTO players(deleted_row,updatedby,id,name,position_id,club_id,rate,goal,price,start_line_up,"createdAt","updatedAt") VALUES ('FALSE','Damien',356,'Dobre Mihai-Alexandru',5,4,4.5,0,7,17,'2020-06-17 09:00:00+07','2020-06-17 09:00:00+07');
INSERT INTO players(deleted_row,updatedby,id,name,position_id,club_id,rate,goal,price,start_line_up,"createdAt","updatedAt") VALUES ('FALSE','Damien',357,'Ebosse Enzo',3,1,4,0,7,33,'2020-06-17 09:00:00+07','2020-06-17 09:00:00+07');
INSERT INTO players(deleted_row,updatedby,id,name,position_id,club_id,rate,goal,price,start_line_up,"createdAt","updatedAt") VALUES ('FALSE','Damien',358,'Bertaud Dimitry',1,12,0,0,7,0,'2020-06-17 09:00:00+07','2020-06-17 09:00:00+07');
INSERT INTO players(deleted_row,updatedby,id,name,position_id,club_id,rate,goal,price,start_line_up,"createdAt","updatedAt") VALUES ('FALSE','Damien',359,'Farinez Wuilker',1,5,0,0,7,0,'2020-06-17 09:00:00+07','2020-06-17 09:00:00+07');
INSERT INTO players(deleted_row,updatedby,id,name,position_id,club_id,rate,goal,price,start_line_up,"createdAt","updatedAt") VALUES ('FALSE','Damien',360,'Sidy Sarr ',4,15,5,0,7,17,'2020-06-17 09:00:00+07','2020-06-17 09:00:00+07');
INSERT INTO players(deleted_row,updatedby,id,name,position_id,club_id,rate,goal,price,start_line_up,"createdAt","updatedAt") VALUES ('FALSE','Damien',361,'Kone Moussa',6,15,4.8,1,7,0,'2020-06-17 09:00:00+07','2020-06-17 09:00:00+07');
INSERT INTO players(deleted_row,updatedby,id,name,position_id,club_id,rate,goal,price,start_line_up,"createdAt","updatedAt") VALUES ('FALSE','Damien',362,'Doumbia Souleyman',3,1,5.3,0,7,50,'2020-06-17 09:00:00+07','2020-06-17 09:00:00+07');
INSERT INTO players(deleted_row,updatedby,id,name,position_id,club_id,rate,goal,price,start_line_up,"createdAt","updatedAt") VALUES ('FALSE','Damien',363,'Weah Timothy',6,6,4.4,0,7,0,'2020-06-17 09:00:00+07','2020-06-17 09:00:00+07');
INSERT INTO players(deleted_row,updatedby,id,name,position_id,club_id,rate,goal,price,start_line_up,"createdAt","updatedAt") VALUES ('FALSE','Damien',364,'N''Doram Kevin',4,10,0,0,7,0,'2020-06-17 09:00:00+07','2020-06-17 09:00:00+07');
INSERT INTO players(deleted_row,updatedby,id,name,position_id,club_id,rate,goal,price,start_line_up,"createdAt","updatedAt") VALUES ('FALSE','Damien',365,'Yazici Yusuf',5,6,4.9,0,7,0,'2020-06-17 09:00:00+07','2020-06-17 09:00:00+07');
INSERT INTO players(deleted_row,updatedby,id,name,position_id,club_id,rate,goal,price,start_line_up,"createdAt","updatedAt") VALUES ('FALSE','Damien',366,'Retsos Panagiotis',2,19,0,0,7,0,'2020-06-17 09:00:00+07','2020-06-17 09:00:00+07');
INSERT INTO players(deleted_row,updatedby,id,name,position_id,club_id,rate,goal,price,start_line_up,"createdAt","updatedAt") VALUES ('FALSE','Damien',367,'Pereira Lage Mathias',5,1,4.5,0,7,17,'2020-06-17 09:00:00+07','2020-06-17 09:00:00+07');
INSERT INTO players(deleted_row,updatedby,id,name,position_id,club_id,rate,goal,price,start_line_up,"createdAt","updatedAt") VALUES ('FALSE','Damien',368,'Diarra Stephane',6,7,4.5,0,7,33,'2020-06-17 09:00:00+07','2020-06-17 09:00:00+07');
INSERT INTO players(deleted_row,updatedby,id,name,position_id,club_id,rate,goal,price,start_line_up,"createdAt","updatedAt") VALUES ('FALSE','Damien',369,'Kiki Kouyate ',2,10,5,0,7,0,'2020-06-17 09:00:00+07','2020-06-17 09:00:00+07');
INSERT INTO players(deleted_row,updatedby,id,name,position_id,club_id,rate,goal,price,start_line_up,"createdAt","updatedAt") VALUES ('FALSE','Damien',370,'Benlamri Djamel',2,8,0,0,7,0,'2020-06-17 09:00:00+07','2020-06-17 09:00:00+07');
INSERT INTO players(deleted_row,updatedby,id,name,position_id,club_id,rate,goal,price,start_line_up,"createdAt","updatedAt") VALUES ('FALSE','Damien',371,'Majecki Radoslaw',1,11,5,0,7,17,'2020-06-17 09:00:00+07','2020-06-17 09:00:00+07');
INSERT INTO players(deleted_row,updatedby,id,name,position_id,club_id,rate,goal,price,start_line_up,"createdAt","updatedAt") VALUES ('FALSE','Damien',372,'Mothiba Lebo',6,20,0,0,7,0,'2020-06-17 09:00:00+07','2020-06-17 09:00:00+07');
INSERT INTO players(deleted_row,updatedby,id,name,position_id,club_id,rate,goal,price,start_line_up,"createdAt","updatedAt") VALUES ('FALSE','Damien',373,'Diouf Yehvann',1,17,5.5,0,7,0,'2020-06-17 09:00:00+07','2020-06-17 09:00:00+07');
INSERT INTO players(deleted_row,updatedby,id,name,position_id,club_id,rate,goal,price,start_line_up,"createdAt","updatedAt") VALUES ('FALSE','Damien',374,'Burner Patrick',3,15,5,0,7,17,'2020-06-17 09:00:00+07','2020-06-17 09:00:00+07');
INSERT INTO players(deleted_row,updatedby,id,name,position_id,club_id,rate,goal,price,start_line_up,"createdAt","updatedAt") VALUES ('FALSE','Damien',375,'Lionel Dias Lucas',1,15,0,0,7,0,'2020-06-17 09:00:00+07','2020-06-17 09:00:00+07');
INSERT INTO players(deleted_row,updatedby,id,name,position_id,club_id,rate,goal,price,start_line_up,"createdAt","updatedAt") VALUES ('FALSE','Damien',376,'Youssouf Zaydou',4,19,4.8,0,7,33,'2020-06-17 09:00:00+07','2020-06-17 09:00:00+07');
INSERT INTO players(deleted_row,updatedby,id,name,position_id,club_id,rate,goal,price,start_line_up,"createdAt","updatedAt") VALUES ('FALSE','Damien',377,'Bozok Umut',6,7,4.5,0,7,0,'2020-06-17 09:00:00+07','2020-06-17 09:00:00+07');
INSERT INTO players(deleted_row,updatedby,id,name,position_id,club_id,rate,goal,price,start_line_up,"createdAt","updatedAt") VALUES ('FALSE','Damien',378,'Heriberto Tavares ',6,3,4.3,0,7,0,'2020-06-17 09:00:00+07','2020-06-17 09:00:00+07');
INSERT INTO players(deleted_row,updatedby,id,name,position_id,club_id,rate,goal,price,start_line_up,"createdAt","updatedAt") VALUES ('FALSE','Damien',379,'Wadja Franklin',4,7,5,0,7,0,'2020-06-17 09:00:00+07','2020-06-17 09:00:00+07');
INSERT INTO players(deleted_row,updatedby,id,name,position_id,club_id,rate,goal,price,start_line_up,"createdAt","updatedAt") VALUES ('FALSE','Damien',380,'Zohi Kevin',6,20,4.7,0,7,17,'2020-06-17 09:00:00+07','2020-06-17 09:00:00+07');
INSERT INTO players(deleted_row,updatedby,id,name,position_id,club_id,rate,goal,price,start_line_up,"createdAt","updatedAt") VALUES ('FALSE','Damien',381,'Reinildo ',3,6,4.3,0,7,17,'2020-06-17 09:00:00+07','2020-06-17 09:00:00+07');
INSERT INTO players(deleted_row,updatedby,id,name,position_id,club_id,rate,goal,price,start_line_up,"createdAt","updatedAt") VALUES ('FALSE','Damien',382,'Balerdi Leonardo',2,9,3.8,0,7,33,'2020-06-17 09:00:00+07','2020-06-17 09:00:00+07');
INSERT INTO players(deleted_row,updatedby,id,name,position_id,club_id,rate,goal,price,start_line_up,"createdAt","updatedAt") VALUES ('FALSE','Damien',383,'Ndoye Dan',6,14,4.7,0,7,17,'2020-06-17 09:00:00+07','2020-06-17 09:00:00+07');
INSERT INTO players(deleted_row,updatedby,id,name,position_id,club_id,rate,goal,price,start_line_up,"createdAt","updatedAt") VALUES ('FALSE','Damien',384,'Matsima Chrislain',2,11,4.8,0,7,17,'2020-06-17 09:00:00+07','2020-06-17 09:00:00+07');
INSERT INTO players(deleted_row,updatedby,id,name,position_id,club_id,rate,goal,price,start_line_up,"createdAt","updatedAt") VALUES ('FALSE','Damien',385,'Abi Charles',6,19,4.5,0,7,17,'2020-06-17 09:00:00+07','2020-06-17 09:00:00+07');
INSERT INTO players(deleted_row,updatedby,id,name,position_id,club_id,rate,goal,price,start_line_up,"createdAt","updatedAt") VALUES ('FALSE','Damien',386,'Aribi Karim',6,15,0,0,7,0,'2020-06-17 09:00:00+07','2020-06-17 09:00:00+07');
INSERT INTO players(deleted_row,updatedby,id,name,position_id,club_id,rate,goal,price,start_line_up,"createdAt","updatedAt") VALUES ('FALSE','Damien',387,'Soppy Brandon',3,18,5.1,0,7,33,'2020-06-17 09:00:00+07','2020-06-17 09:00:00+07');
INSERT INTO players(deleted_row,updatedby,id,name,position_id,club_id,rate,goal,price,start_line_up,"createdAt","updatedAt") VALUES ('FALSE','Damien',388,'Bakwa Dilane',6,2,5.5,0,7,0,'2020-06-17 09:00:00+07','2020-06-17 09:00:00+07');
INSERT INTO players(deleted_row,updatedby,id,name,position_id,club_id,rate,goal,price,start_line_up,"createdAt","updatedAt") VALUES ('FALSE','Damien',389,'Ake Marley',5,9,4.7,0,7,0,'2020-06-17 09:00:00+07','2020-06-17 09:00:00+07');
INSERT INTO players(deleted_row,updatedby,id,name,position_id,club_id,rate,goal,price,start_line_up,"createdAt","updatedAt") VALUES ('FALSE','Damien',390,'Boli Charles',5,5,0,0,7,0,'2020-06-17 09:00:00+07','2020-06-17 09:00:00+07');
INSERT INTO players(deleted_row,updatedby,id,name,position_id,club_id,rate,goal,price,start_line_up,"createdAt","updatedAt") VALUES ('FALSE','Damien',391,'Ali-Cho Mohamed',5,1,4.8,0,7,0,'2020-06-17 09:00:00+07','2020-06-17 09:00:00+07');
INSERT INTO players(deleted_row,updatedby,id,name,position_id,club_id,rate,goal,price,start_line_up,"createdAt","updatedAt") VALUES ('FALSE','Damien',392,'Ngouyamsa Nounchil Ahmad Toure',3,4,3.8,0,7,33,'2020-06-17 09:00:00+07','2020-06-17 09:00:00+07');
INSERT INTO players(deleted_row,updatedby,id,name,position_id,club_id,rate,goal,price,start_line_up,"createdAt","updatedAt") VALUES ('FALSE','Damien',393,'Rivera Maxence',6,19,4.7,0,7,17,'2020-06-17 09:00:00+07','2020-06-17 09:00:00+07');
INSERT INTO players(deleted_row,updatedby,id,name,position_id,club_id,rate,goal,price,start_line_up,"createdAt","updatedAt") VALUES ('FALSE','Damien',394,'Boura Ismael',3,5,4.8,0,7,33,'2020-06-17 09:00:00+07','2020-06-17 09:00:00+07');
INSERT INTO players(deleted_row,updatedby,id,name,position_id,club_id,rate,goal,price,start_line_up,"createdAt","updatedAt") VALUES ('FALSE','Damien',395,'Mannone Vito',1,11,0,0,6,0,'2020-06-17 09:00:00+07','2020-06-17 09:00:00+07');
INSERT INTO players(deleted_row,updatedby,id,name,position_id,club_id,rate,goal,price,start_line_up,"createdAt","updatedAt") VALUES ('FALSE','Damien',396,'Baal Ludovic',3,3,3.5,0,6,17,'2020-06-17 09:00:00+07','2020-06-17 09:00:00+07');
INSERT INTO players(deleted_row,updatedby,id,name,position_id,club_id,rate,goal,price,start_line_up,"createdAt","updatedAt") VALUES ('FALSE','Damien',397,'Pied Jeremy',3,6,5,0,6,17,'2020-06-17 09:00:00+07','2020-06-17 09:00:00+07');
INSERT INTO players(deleted_row,updatedby,id,name,position_id,club_id,rate,goal,price,start_line_up,"createdAt","updatedAt") VALUES ('FALSE','Damien',398,'Skuletic Petar',6,12,5,0,6,0,'2020-06-17 09:00:00+07','2020-06-17 09:00:00+07');
INSERT INTO players(deleted_row,updatedby,id,name,position_id,club_id,rate,goal,price,start_line_up,"createdAt","updatedAt") VALUES ('FALSE','Damien',399,'Mexer ',2,2,0,0,6,0,'2020-06-17 09:00:00+07','2020-06-17 09:00:00+07');
INSERT INTO players(deleted_row,updatedby,id,name,position_id,club_id,rate,goal,price,start_line_up,"createdAt","updatedAt") VALUES ('FALSE','Damien',400,'Diallo Zakaria',2,5,0,0,6,0,'2020-06-17 09:00:00+07','2020-06-17 09:00:00+07');
INSERT INTO players(deleted_row,updatedby,id,name,position_id,club_id,rate,goal,price,start_line_up,"createdAt","updatedAt") VALUES ('FALSE','Damien',401,'Delaplace Jonathan',4,7,5.5,0,6,0,'2020-06-17 09:00:00+07','2020-06-17 09:00:00+07');
INSERT INTO players(deleted_row,updatedby,id,name,position_id,club_id,rate,goal,price,start_line_up,"createdAt","updatedAt") VALUES ('FALSE','Damien',402,'Limbombe Anthony',5,13,0,0,6,0,'2020-06-17 09:00:00+07','2020-06-17 09:00:00+07');
INSERT INTO players(deleted_row,updatedby,id,name,position_id,club_id,rate,goal,price,start_line_up,"createdAt","updatedAt") VALUES ('FALSE','Damien',403,'Bain Denys',2,3,0,0,6,0,'2020-06-17 09:00:00+07','2020-06-17 09:00:00+07');
INSERT INTO players(deleted_row,updatedby,id,name,position_id,club_id,rate,goal,price,start_line_up,"createdAt","updatedAt") VALUES ('FALSE','Damien',404,'Delaine Thomas',3,10,5,0,6,17,'2020-06-17 09:00:00+07','2020-06-17 09:00:00+07');
INSERT INTO players(deleted_row,updatedby,id,name,position_id,club_id,rate,goal,price,start_line_up,"createdAt","updatedAt") VALUES ('FALSE','Damien',405,'Gabriel Silva ',3,19,0,0,6,0,'2020-06-17 09:00:00+07','2020-06-17 09:00:00+07');
INSERT INTO players(deleted_row,updatedby,id,name,position_id,club_id,rate,goal,price,start_line_up,"createdAt","updatedAt") VALUES ('FALSE','Damien',406,'Soumaoro Adama',2,6,0,0,6,0,'2020-06-17 09:00:00+07','2020-06-17 09:00:00+07');
INSERT INTO players(deleted_row,updatedby,id,name,position_id,club_id,rate,goal,price,start_line_up,"createdAt","updatedAt") VALUES ('FALSE','Damien',407,'Kalifa Coulibaly ',6,13,3.5,0,6,17,'2020-06-17 09:00:00+07','2020-06-17 09:00:00+07');
INSERT INTO players(deleted_row,updatedby,id,name,position_id,club_id,rate,goal,price,start_line_up,"createdAt","updatedAt") VALUES ('FALSE','Damien',408,'Cardinale Yoan',1,14,0,0,6,0,'2020-06-17 09:00:00+07','2020-06-17 09:00:00+07');
INSERT INTO players(deleted_row,updatedby,id,name,position_id,club_id,rate,goal,price,start_line_up,"createdAt","updatedAt") VALUES ('FALSE','Damien',409,'Poundje Maxime',3,2,5.2,0,6,17,'2020-06-17 09:00:00+07','2020-06-17 09:00:00+07');
INSERT INTO players(deleted_row,updatedby,id,name,position_id,club_id,rate,goal,price,start_line_up,"createdAt","updatedAt") VALUES ('FALSE','Damien',410,'Pollersbeck Julian',1,8,0,0,6,0,'2020-06-17 09:00:00+07','2020-06-17 09:00:00+07');
INSERT INTO players(deleted_row,updatedby,id,name,position_id,club_id,rate,goal,price,start_line_up,"createdAt","updatedAt") VALUES ('FALSE','Damien',411,'Jemerson ',2,11,0,0,6,0,'2020-06-17 09:00:00+07','2020-06-17 09:00:00+07');
INSERT INTO players(deleted_row,updatedby,id,name,position_id,club_id,rate,goal,price,start_line_up,"createdAt","updatedAt") VALUES ('FALSE','Damien',412,'Aholou Jean Eudes',4,20,4.7,0,6,17,'2020-06-17 09:00:00+07','2020-06-17 09:00:00+07');
INSERT INTO players(deleted_row,updatedby,id,name,position_id,club_id,rate,goal,price,start_line_up,"createdAt","updatedAt") VALUES ('FALSE','Damien',413,'Chalobah Trevoh',4,7,5,0,6,0,'2020-06-17 09:00:00+07','2020-06-17 09:00:00+07');
INSERT INTO players(deleted_row,updatedby,id,name,position_id,club_id,rate,goal,price,start_line_up,"createdAt","updatedAt") VALUES ('FALSE','Damien',414,'Trauco Miguel',3,19,0,0,6,0,'2020-06-17 09:00:00+07','2020-06-17 09:00:00+07');
INSERT INTO players(deleted_row,updatedby,id,name,position_id,club_id,rate,goal,price,start_line_up,"createdAt","updatedAt") VALUES ('FALSE','Damien',415,'Kehrer Thilo',3,16,4.5,0,6,33,'2020-06-17 09:00:00+07','2020-06-17 09:00:00+07');
INSERT INTO players(deleted_row,updatedby,id,name,position_id,club_id,rate,goal,price,start_line_up,"createdAt","updatedAt") VALUES ('FALSE','Damien',416,'Hergault Jerome',3,7,0,0,6,0,'2020-06-17 09:00:00+07','2020-06-17 09:00:00+07');
INSERT INTO players(deleted_row,updatedby,id,name,position_id,club_id,rate,goal,price,start_line_up,"createdAt","updatedAt") VALUES ('FALSE','Damien',417,'Donis Anastasios',6,17,4.5,0,6,17,'2020-06-17 09:00:00+07','2020-06-17 09:00:00+07');
INSERT INTO players(deleted_row,updatedby,id,name,position_id,club_id,rate,goal,price,start_line_up,"createdAt","updatedAt") VALUES ('FALSE','Damien',418,'N''Soki Stanley',3,14,0,0,6,0,'2020-06-17 09:00:00+07','2020-06-17 09:00:00+07');
INSERT INTO players(deleted_row,updatedby,id,name,position_id,club_id,rate,goal,price,start_line_up,"createdAt","updatedAt") VALUES ('FALSE','Damien',419,'Pellegri Pietro',6,11,4.3,0,6,0,'2020-06-17 09:00:00+07','2020-06-17 09:00:00+07');
INSERT INTO players(deleted_row,updatedby,id,name,position_id,club_id,rate,goal,price,start_line_up,"createdAt","updatedAt") VALUES ('FALSE','Damien',420,'Florentino Luis ',4,11,4.5,0,6,0,'2020-06-17 09:00:00+07','2020-06-17 09:00:00+07');
INSERT INTO players(deleted_row,updatedby,id,name,position_id,club_id,rate,goal,price,start_line_up,"createdAt","updatedAt") VALUES ('FALSE','Damien',421,'Charles Traore ',3,13,5,0,6,33,'2020-06-17 09:00:00+07','2020-06-17 09:00:00+07');
INSERT INTO players(deleted_row,updatedby,id,name,position_id,club_id,rate,goal,price,start_line_up,"createdAt","updatedAt") VALUES ('FALSE','Damien',422,'V gner ',5,10,0,0,6,0,'2020-06-17 09:00:00+07','2020-06-17 09:00:00+07');
INSERT INTO players(deleted_row,updatedby,id,name,position_id,club_id,rate,goal,price,start_line_up,"createdAt","updatedAt") VALUES ('FALSE','Damien',423,'Alakouch Sofiane',3,15,4,0,6,0,'2020-06-17 09:00:00+07','2020-06-17 09:00:00+07');
INSERT INTO players(deleted_row,updatedby,id,name,position_id,club_id,rate,goal,price,start_line_up,"createdAt","updatedAt") VALUES ('FALSE','Damien',424,'Grandsir Samuel',5,11,0,0,6,0,'2020-06-17 09:00:00+07','2020-06-17 09:00:00+07');
INSERT INTO players(deleted_row,updatedby,id,name,position_id,club_id,rate,goal,price,start_line_up,"createdAt","updatedAt") VALUES ('FALSE','Damien',425,'Dolly Keagan',5,12,5,0,6,0,'2020-06-17 09:00:00+07','2020-06-17 09:00:00+07');
INSERT INTO players(deleted_row,updatedby,id,name,position_id,club_id,rate,goal,price,start_line_up,"createdAt","updatedAt") VALUES ('FALSE','Damien',426,'Hornby Fraser',5,17,4.3,0,6,0,'2020-06-17 09:00:00+07','2020-06-17 09:00:00+07');
INSERT INTO players(deleted_row,updatedby,id,name,position_id,club_id,rate,goal,price,start_line_up,"createdAt","updatedAt") VALUES ('FALSE','Damien',427,'Zerkane Mehdi',5,2,4.5,0,6,17,'2020-06-17 09:00:00+07','2020-06-17 09:00:00+07');
INSERT INTO players(deleted_row,updatedby,id,name,position_id,club_id,rate,goal,price,start_line_up,"createdAt","updatedAt") VALUES ('FALSE','Damien',428,'Magnetti Hugo',4,3,4.8,0,6,0,'2020-06-17 09:00:00+07','2020-06-17 09:00:00+07');
INSERT INTO players(deleted_row,updatedby,id,name,position_id,club_id,rate,goal,price,start_line_up,"createdAt","updatedAt") VALUES ('FALSE','Damien',429,'Lea Siliki James',4,18,0,0,6,0,'2020-06-17 09:00:00+07','2020-06-17 09:00:00+07');
INSERT INTO players(deleted_row,updatedby,id,name,position_id,club_id,rate,goal,price,start_line_up,"createdAt","updatedAt") VALUES ('FALSE','Damien',430,'Robson Bambu ',2,14,5,0,6,17,'2020-06-17 09:00:00+07','2020-06-17 09:00:00+07');
INSERT INTO players(deleted_row,updatedby,id,name,position_id,club_id,rate,goal,price,start_line_up,"createdAt","updatedAt") VALUES ('FALSE','Damien',431,'Cozza Nicolas',2,12,5,0,6,17,'2020-06-17 09:00:00+07','2020-06-17 09:00:00+07');
INSERT INTO players(deleted_row,updatedby,id,name,position_id,club_id,rate,goal,price,start_line_up,"createdAt","updatedAt") VALUES ('FALSE','Damien',432,'Moutoussamy Samuel',4,13,5,0,6,17,'2020-06-17 09:00:00+07','2020-06-17 09:00:00+07');
INSERT INTO players(deleted_row,updatedby,id,name,position_id,club_id,rate,goal,price,start_line_up,"createdAt","updatedAt") VALUES ('FALSE','Damien',433,'Cibois Sebastien',1,3,0,0,6,0,'2020-06-17 09:00:00+07','2020-06-17 09:00:00+07');
INSERT INTO players(deleted_row,updatedby,id,name,position_id,club_id,rate,goal,price,start_line_up,"createdAt","updatedAt") VALUES ('FALSE','Damien',434,'Jean Lucas ',4,8,5.2,0,6,17,'2020-06-17 09:00:00+07','2020-06-17 09:00:00+07');
INSERT INTO players(deleted_row,updatedby,id,name,position_id,club_id,rate,goal,price,start_line_up,"createdAt","updatedAt") VALUES ('FALSE','Damien',435,'El Melali Farid',5,1,4.8,0,6,17,'2020-06-17 09:00:00+07','2020-06-17 09:00:00+07');
INSERT INTO players(deleted_row,updatedby,id,name,position_id,club_id,rate,goal,price,start_line_up,"createdAt","updatedAt") VALUES ('FALSE','Damien',436,'Dagba Colin',3,16,5,0,6,17,'2020-06-17 09:00:00+07','2020-06-17 09:00:00+07');
INSERT INTO players(deleted_row,updatedby,id,name,position_id,club_id,rate,goal,price,start_line_up,"createdAt","updatedAt") VALUES ('FALSE','Damien',437,'Muinga Arnaud Kalimuendo',6,5,4.5,0,6,17,'2020-06-17 09:00:00+07','2020-06-17 09:00:00+07');
INSERT INTO players(deleted_row,updatedby,id,name,position_id,club_id,rate,goal,price,start_line_up,"createdAt","updatedAt") VALUES ('FALSE','Damien',438,'Lihadji Isaac',6,6,5,0,6,0,'2020-06-17 09:00:00+07','2020-06-17 09:00:00+07');
INSERT INTO players(deleted_row,updatedby,id,name,position_id,club_id,rate,goal,price,start_line_up,"createdAt","updatedAt") VALUES ('FALSE','Damien',439,'Vargas Thibaut',3,12,0,0,6,0,'2020-06-17 09:00:00+07','2020-06-17 09:00:00+07');
INSERT INTO players(deleted_row,updatedby,id,name,position_id,club_id,rate,goal,price,start_line_up,"createdAt","updatedAt") VALUES ('FALSE','Damien',440,'Boudaoui Hichem',5,14,0,0,6,0,'2020-06-17 09:00:00+07','2020-06-17 09:00:00+07');
INSERT INTO players(deleted_row,updatedby,id,name,position_id,club_id,rate,goal,price,start_line_up,"createdAt","updatedAt") VALUES ('FALSE','Damien',441,'Guessand Evann',6,14,4.7,0,6,0,'2020-06-17 09:00:00+07','2020-06-17 09:00:00+07');
INSERT INTO players(deleted_row,updatedby,id,name,position_id,club_id,rate,goal,price,start_line_up,"createdAt","updatedAt") VALUES ('FALSE','Damien',442,'Diomande Sinaly',2,8,4.7,0,6,17,'2020-06-17 09:00:00+07','2020-06-17 09:00:00+07');
INSERT INTO players(deleted_row,updatedby,id,name,position_id,club_id,rate,goal,price,start_line_up,"createdAt","updatedAt") VALUES ('FALSE','Damien',443,'Younoussa Wilitty',4,4,4.8,0,6,0,'2020-06-17 09:00:00+07','2020-06-17 09:00:00+07');
INSERT INTO players(deleted_row,updatedby,id,name,position_id,club_id,rate,goal,price,start_line_up,"createdAt","updatedAt") VALUES ('FALSE','Damien',444,'Keita Habib',4,8,0,0,6,0,'2020-06-17 09:00:00+07','2020-06-17 09:00:00+07');
INSERT INTO players(deleted_row,updatedby,id,name,position_id,club_id,rate,goal,price,start_line_up,"createdAt","updatedAt") VALUES ('FALSE','Damien',445,'Monnet-Paquet Kevin',6,19,4.5,0,5,0,'2020-06-17 09:00:00+07','2020-06-17 09:00:00+07');
INSERT INTO players(deleted_row,updatedby,id,name,position_id,club_id,rate,goal,price,start_line_up,"createdAt","updatedAt") VALUES ('FALSE','Damien',446,'Mitroglou Kostas',6,9,0,0,5,0,'2020-06-17 09:00:00+07','2020-06-17 09:00:00+07');
INSERT INTO players(deleted_row,updatedby,id,name,position_id,club_id,rate,goal,price,start_line_up,"createdAt","updatedAt") VALUES ('FALSE','Damien',447,'Grenier Clement',5,18,0,0,5,0,'2020-06-17 09:00:00+07','2020-06-17 09:00:00+07');
INSERT INTO players(deleted_row,updatedby,id,name,position_id,club_id,rate,goal,price,start_line_up,"createdAt","updatedAt") VALUES ('FALSE','Damien',448,'Khazri Wahbi',5,19,2,0,5,0,'2020-06-17 09:00:00+07','2020-06-17 09:00:00+07');
INSERT INTO players(deleted_row,updatedby,id,name,position_id,club_id,rate,goal,price,start_line_up,"createdAt","updatedAt") VALUES ('FALSE','Damien',449,'Poblete Ger nimo',4,10,0,0,5,0,'2020-06-17 09:00:00+07','2020-06-17 09:00:00+07');
INSERT INTO players(deleted_row,updatedby,id,name,position_id,club_id,rate,goal,price,start_line_up,"createdAt","updatedAt") VALUES ('FALSE','Damien',450,'Petkovic Danijel',1,1,0,0,5,0,'2020-06-17 09:00:00+07','2020-06-17 09:00:00+07');
INSERT INTO players(deleted_row,updatedby,id,name,position_id,club_id,rate,goal,price,start_line_up,"createdAt","updatedAt") VALUES ('FALSE','Damien',451,'Khaoui Saif-Eddine',5,9,5,0,5,0,'2020-06-17 09:00:00+07','2020-06-17 09:00:00+07');
INSERT INTO players(deleted_row,updatedby,id,name,position_id,club_id,rate,goal,price,start_line_up,"createdAt","updatedAt") VALUES ('FALSE','Damien',452,'Jovanovic Vukasin',2,2,0,0,5,0,'2020-06-17 09:00:00+07','2020-06-17 09:00:00+07');
INSERT INTO players(deleted_row,updatedby,id,name,position_id,club_id,rate,goal,price,start_line_up,"createdAt","updatedAt") VALUES ('FALSE','Damien',453,'A t Bennasser Youssef',4,11,0,0,5,0,'2020-06-17 09:00:00+07','2020-06-17 09:00:00+07');
INSERT INTO players(deleted_row,updatedby,id,name,position_id,club_id,rate,goal,price,start_line_up,"createdAt","updatedAt") VALUES ('FALSE','Damien',454,'Caio Henrique ',3,11,0,0,5,0,'2020-06-17 09:00:00+07','2020-06-17 09:00:00+07');
INSERT INTO players(deleted_row,updatedby,id,name,position_id,club_id,rate,goal,price,start_line_up,"createdAt","updatedAt") VALUES ('FALSE','Damien',455,'Sierhuis Kaj',6,17,4.4,0,5,0,'2020-06-17 09:00:00+07','2020-06-17 09:00:00+07');
INSERT INTO players(deleted_row,updatedby,id,name,position_id,club_id,rate,goal,price,start_line_up,"createdAt","updatedAt") VALUES ('FALSE','Damien',456,'Gboho Yann',5,18,4.8,0,5,0,'2020-06-17 09:00:00+07','2020-06-17 09:00:00+07');
INSERT INTO players(deleted_row,updatedby,id,name,position_id,club_id,rate,goal,price,start_line_up,"createdAt","updatedAt") VALUES ('FALSE','Damien',457,'Maziz Youssef',5,10,5,0,5,0,'2020-06-17 09:00:00+07','2020-06-17 09:00:00+07');
INSERT INTO players(deleted_row,updatedby,id,name,position_id,club_id,rate,goal,price,start_line_up,"createdAt","updatedAt") VALUES ('FALSE','Damien',458,'Muzinga Ngonda',3,4,5,0,5,17,'2020-06-17 09:00:00+07','2020-06-17 09:00:00+07');
INSERT INTO players(deleted_row,updatedby,id,name,position_id,club_id,rate,goal,price,start_line_up,"createdAt","updatedAt") VALUES ('FALSE','Damien',459,'Krasso Jean-Phillipe',6,19,4.8,0,5,0,'2020-06-17 09:00:00+07','2020-06-17 09:00:00+07');
INSERT INTO players(deleted_row,updatedby,id,name,position_id,club_id,rate,goal,price,start_line_up,"createdAt","updatedAt") VALUES ('FALSE','Damien',460,'Rutter Georginio',6,18,4,0,5,0,'2020-06-17 09:00:00+07','2020-06-17 09:00:00+07');
INSERT INTO players(deleted_row,updatedby,id,name,position_id,club_id,rate,goal,price,start_line_up,"createdAt","updatedAt") VALUES ('FALSE','Damien',461,'Matazo Eliot',4,11,5,0,5,0,'2020-06-17 09:00:00+07','2020-06-17 09:00:00+07');
INSERT INTO players(deleted_row,updatedby,id,name,position_id,club_id,rate,goal,price,start_line_up,"createdAt","updatedAt") VALUES ('FALSE','Damien',462,'Luis Henrique ',6,9,0,0,5,0,'2020-06-17 09:00:00+07','2020-06-17 09:00:00+07');
INSERT INTO players(deleted_row,updatedby,id,name,position_id,club_id,rate,goal,price,start_line_up,"createdAt","updatedAt") VALUES ('FALSE','Damien',463,'Boey Sacha',3,4,4,0,5,33,'2020-06-17 09:00:00+07','2020-06-17 09:00:00+07');
INSERT INTO players(deleted_row,updatedby,id,name,position_id,club_id,rate,goal,price,start_line_up,"createdAt","updatedAt") VALUES ('FALSE','Damien',464,'Moueffek Aimen',4,19,4.3,0,5,33,'2020-06-17 09:00:00+07','2020-06-17 09:00:00+07');
INSERT INTO players(deleted_row,updatedby,id,name,position_id,club_id,rate,goal,price,start_line_up,"createdAt","updatedAt") VALUES ('FALSE','Damien',465,'Trouillet Alexis',5,14,4.8,0,5,0,'2020-06-17 09:00:00+07','2020-06-17 09:00:00+07');
INSERT INTO players(deleted_row,updatedby,id,name,position_id,club_id,rate,goal,price,start_line_up,"createdAt","updatedAt") VALUES ('FALSE','Damien',466,'Pereira Da Costa David',4,5,5,0,5,0,'2020-06-17 09:00:00+07','2020-06-17 09:00:00+07');
INSERT INTO players(deleted_row,updatedby,id,name,position_id,club_id,rate,goal,price,start_line_up,"createdAt","updatedAt") VALUES ('FALSE','Damien',467,'Bangoura Cheick Djibril',5,3,0,0,5,0,'2020-06-17 09:00:00+07','2020-06-17 09:00:00+07');
INSERT INTO players(deleted_row,updatedby,id,name,position_id,club_id,rate,goal,price,start_line_up,"createdAt","updatedAt") VALUES ('FALSE','Damien',468,'Sow Saidou',3,19,5,0,5,0,'2020-06-17 09:00:00+07','2020-06-17 09:00:00+07');
INSERT INTO players(deleted_row,updatedby,id,name,position_id,club_id,rate,goal,price,start_line_up,"createdAt","updatedAt") VALUES ('FALSE','Damien',469,'Tormin Tyrone',5,19,5,0,5,0,'2020-06-17 09:00:00+07','2020-06-17 09:00:00+07');
INSERT INTO players(deleted_row,updatedby,id,name,position_id,club_id,rate,goal,price,start_line_up,"createdAt","updatedAt") VALUES ('FALSE','Damien',470,'Cheick Traore ',3,5,0,0,4,0,'2020-06-17 09:00:00+07','2020-06-17 09:00:00+07');
INSERT INTO players(deleted_row,updatedby,id,name,position_id,club_id,rate,goal,price,start_line_up,"createdAt","updatedAt") VALUES ('FALSE','Damien',471,'Coly Racine',3,14,0,0,4,0,'2020-06-17 09:00:00+07','2020-06-17 09:00:00+07');
INSERT INTO players(deleted_row,updatedby,id,name,position_id,club_id,rate,goal,price,start_line_up,"createdAt","updatedAt") VALUES ('FALSE','Damien',472,'Basila Thomas',2,13,0,0,4,0,'2020-06-17 09:00:00+07','2020-06-17 09:00:00+07');
INSERT INTO players(deleted_row,updatedby,id,name,position_id,club_id,rate,goal,price,start_line_up,"createdAt","updatedAt") VALUES ('FALSE','Damien',473,'Mendy Batista',2,13,4.5,0,4,0,'2020-06-17 09:00:00+07','2020-06-17 09:00:00+07');
INSERT INTO players(deleted_row,updatedby,id,name,position_id,club_id,rate,goal,price,start_line_up,"createdAt","updatedAt") VALUES ('FALSE','Damien',474,'N''Goma Ferris',4,3,0,0,4,0,'2020-06-17 09:00:00+07','2020-06-17 09:00:00+07');
INSERT INTO players(deleted_row,updatedby,id,name,position_id,club_id,rate,goal,price,start_line_up,"createdAt","updatedAt") VALUES ('FALSE','Damien',475,'Bayala Cyrille',5,5,0,0,4,0,'2020-06-17 09:00:00+07','2020-06-17 09:00:00+07');
INSERT INTO players(deleted_row,updatedby,id,name,position_id,club_id,rate,goal,price,start_line_up,"createdAt","updatedAt") VALUES ('FALSE','Damien',476,'Tiago Djal ',2,6,0,0,4,0,'2020-06-17 09:00:00+07','2020-06-17 09:00:00+07');
INSERT INTO players(deleted_row,updatedby,id,name,position_id,club_id,rate,goal,price,start_line_up,"createdAt","updatedAt") VALUES ('FALSE','Damien',477,'Ahlinvi Matteo',4,15,5,0,4,0,'2020-06-17 09:00:00+07','2020-06-17 09:00:00+07');
INSERT INTO players(deleted_row,updatedby,id,name,position_id,club_id,rate,goal,price,start_line_up,"createdAt","updatedAt") VALUES ('FALSE','Damien',478,'Buades Lucas',5,15,4.5,0,4,0,'2020-06-17 09:00:00+07','2020-06-17 09:00:00+07');
INSERT INTO players(deleted_row,updatedby,id,name,position_id,club_id,rate,goal,price,start_line_up,"createdAt","updatedAt") VALUES ('FALSE','Damien',479,'Sissoko Alpha',3,19,4.8,0,4,17,'2020-06-17 09:00:00+07','2020-06-17 09:00:00+07');
INSERT INTO players(deleted_row,updatedby,id,name,position_id,club_id,rate,goal,price,start_line_up,"createdAt","updatedAt") VALUES ('FALSE','Damien',480,'Lauriente Armand',5,7,0,0,4,0,'2020-06-17 09:00:00+07','2020-06-17 09:00:00+07');
INSERT INTO players(deleted_row,updatedby,id,name,position_id,club_id,rate,goal,price,start_line_up,"createdAt","updatedAt") VALUES ('FALSE','Damien',481,'Senou Coulibaly ',2,4,0,0,4,0,'2020-06-17 09:00:00+07','2020-06-17 09:00:00+07');
INSERT INTO players(deleted_row,updatedby,id,name,position_id,club_id,rate,goal,price,start_line_up,"createdAt","updatedAt") VALUES ('FALSE','Damien',482,'Pizzuto Eugenio',4,6,0,0,4,0,'2020-06-17 09:00:00+07','2020-06-17 09:00:00+07');
INSERT INTO players(deleted_row,updatedby,id,name,position_id,club_id,rate,goal,price,start_line_up,"createdAt","updatedAt") VALUES ('FALSE','Damien',483,'Benkhedim Bilal',5,19,0,0,4,0,'2020-06-17 09:00:00+07','2020-06-17 09:00:00+07');
INSERT INTO players(deleted_row,updatedby,id,name,position_id,club_id,rate,goal,price,start_line_up,"createdAt","updatedAt") VALUES ('FALSE','Damien',484,'Millot Enzo',5,11,4.5,0,4,0,'2020-06-17 09:00:00+07','2020-06-17 09:00:00+07');
INSERT INTO players(deleted_row,updatedby,id,name,position_id,club_id,rate,goal,price,start_line_up,"createdAt","updatedAt") VALUES ('FALSE','Damien',485,'Fadiga Bandiougou',5,16,4.5,0,4,0,'2020-06-17 09:00:00+07','2020-06-17 09:00:00+07');
INSERT INTO players(deleted_row,updatedby,id,name,position_id,club_id,rate,goal,price,start_line_up,"createdAt","updatedAt") VALUES ('FALSE','Damien',486,'Ruiz-Atil Kays',4,16,4.3,0,4,17,'2020-06-17 09:00:00+07','2020-06-17 09:00:00+07');
INSERT INTO players(deleted_row,updatedby,id,name,position_id,club_id,rate,goal,price,start_line_up,"createdAt","updatedAt") VALUES ('FALSE','Damien',487,'Lopy Dion',4,17,0,0,4,0,'2020-06-17 09:00:00+07','2020-06-17 09:00:00+07');
INSERT INTO players(deleted_row,updatedby,id,name,position_id,club_id,rate,goal,price,start_line_up,"createdAt","updatedAt") VALUES ('FALSE','Damien',488,'Loucif Haithem',5,1,0,0,4,0,'2020-06-17 09:00:00+07','2020-06-17 09:00:00+07');
INSERT INTO players(deleted_row,updatedby,id,name,position_id,club_id,rate,goal,price,start_line_up,"createdAt","updatedAt") VALUES ('FALSE','Damien',489,'Ndilu Bridge',6,13,4,0,4,0,'2020-06-17 09:00:00+07','2020-06-17 09:00:00+07');
INSERT INTO players(deleted_row,updatedby,id,name,position_id,club_id,rate,goal,price,start_line_up,"createdAt","updatedAt") VALUES ('FALSE','Damien',490,'Ould Khaled Zinedine',4,1,0,0,4,0,'2020-06-17 09:00:00+07','2020-06-17 09:00:00+07');
INSERT INTO players(deleted_row,updatedby,id,name,position_id,club_id,rate,goal,price,start_line_up,"createdAt","updatedAt") VALUES ('FALSE','Damien',491,'Ludivin Majouga Marco',6,15,4.5,0,4,0,'2020-06-17 09:00:00+07','2020-06-17 09:00:00+07');
INSERT INTO players(deleted_row,updatedby,id,name,position_id,club_id,rate,goal,price,start_line_up,"createdAt","updatedAt") VALUES ('FALSE','Damien',492,'Letellier Alexandre',1,16,0,0,3,0,'2020-06-17 09:00:00+07','2020-06-17 09:00:00+07');
INSERT INTO players(deleted_row,updatedby,id,name,position_id,club_id,rate,goal,price,start_line_up,"createdAt","updatedAt") VALUES ('FALSE','Damien',493,'Sels Matz',1,20,0,0,3,0,'2020-06-17 09:00:00+07','2020-06-17 09:00:00+07');
INSERT INTO players(deleted_row,updatedby,id,name,position_id,club_id,rate,goal,price,start_line_up,"createdAt","updatedAt") VALUES ('FALSE','Damien',494,'Bernat Juan',3,16,4.8,0,3,33,'2020-06-17 09:00:00+07','2020-06-17 09:00:00+07');
INSERT INTO players(deleted_row,updatedby,id,name,position_id,club_id,rate,goal,price,start_line_up,"createdAt","updatedAt") VALUES ('FALSE','Damien',495,'Desprez Didier',1,5,0,0,3,0,'2020-06-17 09:00:00+07','2020-06-17 09:00:00+07');
INSERT INTO players(deleted_row,updatedby,id,name,position_id,club_id,rate,goal,price,start_line_up,"createdAt","updatedAt") VALUES ('FALSE','Damien',496,'Cabit Manuel',3,10,0,0,3,0,'2020-06-17 09:00:00+07','2020-06-17 09:00:00+07');
INSERT INTO players(deleted_row,updatedby,id,name,position_id,club_id,rate,goal,price,start_line_up,"createdAt","updatedAt") VALUES ('FALSE','Damien',497,'De Smet Thibault',3,17,0,0,3,0,'2020-06-17 09:00:00+07','2020-06-17 09:00:00+07');
INSERT INTO players(deleted_row,updatedby,id,name,position_id,club_id,rate,goal,price,start_line_up,"createdAt","updatedAt") VALUES ('FALSE','Damien',498,'Bajic Stefan',1,19,0,0,3,0,'2020-06-17 09:00:00+07','2020-06-17 09:00:00+07');
INSERT INTO players(deleted_row,updatedby,id,name,position_id,club_id,rate,goal,price,start_line_up,"createdAt","updatedAt") VALUES ('FALSE','Damien',499,'Sissoko Sambou',4,17,0,0,3,0,'2020-06-17 09:00:00+07','2020-06-17 09:00:00+07');
INSERT INTO players(deleted_row,updatedby,id,name,position_id,club_id,rate,goal,price,start_line_up,"createdAt","updatedAt") VALUES ('FALSE','Damien',500,'Rocchia Christopher',3,9,5,0,3,0,'2020-06-17 09:00:00+07','2020-06-17 09:00:00+07');
INSERT INTO players(deleted_row,updatedby,id,name,position_id,club_id,rate,goal,price,start_line_up,"createdAt","updatedAt") VALUES ('FALSE','Damien',501,'Brassier Lilian',2,3,0,0,3,0,'2020-06-17 09:00:00+07','2020-06-17 09:00:00+07');
INSERT INTO players(deleted_row,updatedby,id,name,position_id,club_id,rate,goal,price,start_line_up,"createdAt","updatedAt") VALUES ('FALSE','Damien',502,'Perrin Lucas',2,9,0,0,3,0,'2020-06-17 09:00:00+07','2020-06-17 09:00:00+07');
INSERT INTO players(deleted_row,updatedby,id,name,position_id,club_id,rate,goal,price,start_line_up,"createdAt","updatedAt") VALUES ('FALSE','Damien',503,'Sotona Ayodeji',6,14,0,0,3,0,'2020-06-17 09:00:00+07','2020-06-17 09:00:00+07');
INSERT INTO players(deleted_row,updatedby,id,name,position_id,club_id,rate,goal,price,start_line_up,"createdAt","updatedAt") VALUES ('FALSE','Damien',504,'Zekaj Arton',4,6,0,0,3,0,'2020-06-17 09:00:00+07','2020-06-17 09:00:00+07');
INSERT INTO players(deleted_row,updatedby,id,name,position_id,club_id,rate,goal,price,start_line_up,"createdAt","updatedAt") VALUES ('FALSE','Damien',505,'Pavlovic Strahinja',2,11,0,0,3,0,'2020-06-17 09:00:00+07','2020-06-17 09:00:00+07');
INSERT INTO players(deleted_row,updatedby,id,name,position_id,club_id,rate,goal,price,start_line_up,"createdAt","updatedAt") VALUES ('FALSE','Damien',506,'Lebeau Adrien',5,20,0,0,3,0,'2020-06-17 09:00:00+07','2020-06-17 09:00:00+07');
INSERT INTO players(deleted_row,updatedby,id,name,position_id,club_id,rate,goal,price,start_line_up,"createdAt","updatedAt") VALUES ('FALSE','Damien',507,'Niasse Cheikh',4,6,0,0,3,0,'2020-06-17 09:00:00+07','2020-06-17 09:00:00+07');
INSERT INTO players(deleted_row,updatedby,id,name,position_id,club_id,rate,goal,price,start_line_up,"createdAt","updatedAt") VALUES ('FALSE','Damien',508,'Indjai Correia Edmilson',6,19,0,0,3,0,'2020-06-17 09:00:00+07','2020-06-17 09:00:00+07');
INSERT INTO players(deleted_row,updatedby,id,name,position_id,club_id,rate,goal,price,start_line_up,"createdAt","updatedAt") VALUES ('FALSE','Damien',509,'Sidibe Abdoulaye',6,19,4,0,3,0,'2020-06-17 09:00:00+07','2020-06-17 09:00:00+07');
INSERT INTO players(deleted_row,updatedby,id,name,position_id,club_id,rate,goal,price,start_line_up,"createdAt","updatedAt") VALUES ('FALSE','Damien',510,'Jese ',6,16,4,0,2,0,'2020-06-17 09:00:00+07','2020-06-17 09:00:00+07');
INSERT INTO players(deleted_row,updatedby,id,name,position_id,club_id,rate,goal,price,start_line_up,"createdAt","updatedAt") VALUES ('FALSE','Damien',511,'Yun Il-Lok ',5,12,0,0,2,0,'2020-06-17 09:00:00+07','2020-06-17 09:00:00+07');
INSERT INTO players(deleted_row,updatedby,id,name,position_id,club_id,rate,goal,price,start_line_up,"createdAt","updatedAt") VALUES ('FALSE','Damien',512,'Depres Clement',6,15,0,0,2,0,'2020-06-17 09:00:00+07','2020-06-17 09:00:00+07');
INSERT INTO players(deleted_row,updatedby,id,name,position_id,club_id,rate,goal,price,start_line_up,"createdAt","updatedAt") VALUES ('FALSE','Damien',513,'Walongwa Anthony',2,13,0,0,2,0,'2020-06-17 09:00:00+07','2020-06-17 09:00:00+07');
INSERT INTO players(deleted_row,updatedby,id,name,position_id,club_id,rate,goal,price,start_line_up,"createdAt","updatedAt") VALUES ('FALSE','Damien',514,'Nyamsi Gerzino',2,18,0,0,2,0,'2020-06-17 09:00:00+07','2020-06-17 09:00:00+07');
INSERT INTO players(deleted_row,updatedby,id,name,position_id,club_id,rate,goal,price,start_line_up,"createdAt","updatedAt") VALUES ('FALSE','Damien',515,'Zagre Arthur',3,4,0,0,2,0,'2020-06-17 09:00:00+07','2020-06-17 09:00:00+07');
INSERT INTO players(deleted_row,updatedby,id,name,position_id,club_id,rate,goal,price,start_line_up,"createdAt","updatedAt") VALUES ('FALSE','Damien',516,'Siby Mahame',4,20,0,0,2,0,'2020-06-17 09:00:00+07','2020-06-17 09:00:00+07');
INSERT INTO players(deleted_row,updatedby,id,name,position_id,club_id,rate,goal,price,start_line_up,"createdAt","updatedAt") VALUES ('FALSE','Damien',517,'Vidal Clement',2,12,0,0,2,0,'2020-06-17 09:00:00+07','2020-06-17 09:00:00+07');
INSERT INTO players(deleted_row,updatedby,id,name,position_id,club_id,rate,goal,price,start_line_up,"createdAt","updatedAt") VALUES ('FALSE','Damien',518,'Cal5 Thomas',1,7,0,0,2,0,'2020-06-17 09:00:00+07','2020-06-17 09:00:00+07');
INSERT INTO players(deleted_row,updatedby,id,name,position_id,club_id,rate,goal,price,start_line_up,"createdAt","updatedAt") VALUES ('FALSE','Damien',519,'Pembele Timothee',2,16,0,0,2,0,'2020-06-17 09:00:00+07','2020-06-17 09:00:00+07');
INSERT INTO players(deleted_row,updatedby,id,name,position_id,club_id,rate,goal,price,start_line_up,"createdAt","updatedAt") VALUES ('FALSE','Damien',520,'Benchama Samy',4,12,4.5,0,2,0,'2020-06-17 09:00:00+07','2020-06-17 09:00:00+07');
INSERT INTO players(deleted_row,updatedby,id,name,position_id,club_id,rate,goal,price,start_line_up,"createdAt","updatedAt") VALUES ('FALSE','Damien',521,'Sene Cheikh Cory',2,5,0,0,2,0,'2020-06-17 09:00:00+07','2020-06-17 09:00:00+07');
INSERT INTO players(deleted_row,updatedby,id,name,position_id,club_id,rate,goal,price,start_line_up,"createdAt","updatedAt") VALUES ('FALSE','Damien',522,'Innocenti Nassim',2,6,0,0,2,0,'2020-06-17 09:00:00+07','2020-06-17 09:00:00+07');
INSERT INTO players(deleted_row,updatedby,id,name,position_id,club_id,rate,goal,price,start_line_up,"createdAt","updatedAt") VALUES ('FALSE','Damien',523,'Bitshiabu El Chadaille',2,16,0,0,2,0,'2020-06-17 09:00:00+07','2020-06-17 09:00:00+07');
INSERT INTO players(deleted_row,updatedby,id,name,position_id,club_id,rate,goal,price,start_line_up,"createdAt","updatedAt") VALUES ('FALSE','Damien',524,'Doucoure Fode',3,17,0,0,2,0,'2020-06-17 09:00:00+07','2020-06-17 09:00:00+07');
INSERT INTO players(deleted_row,updatedby,id,name,position_id,club_id,rate,goal,price,start_line_up,"createdAt","updatedAt") VALUES ('FALSE','Damien',525,'Besic Benjamin',5,20,0,0,2,0,'2020-06-17 09:00:00+07','2020-06-17 09:00:00+07');
INSERT INTO players(deleted_row,updatedby,id,name,position_id,club_id,rate,goal,price,start_line_up,"createdAt","updatedAt") VALUES ('FALSE','Damien',526,'Delecroix Paul',1,10,0,0,1,0,'2020-06-17 09:00:00+07','2020-06-17 09:00:00+07');
INSERT INTO players(deleted_row,updatedby,id,name,position_id,club_id,rate,goal,price,start_line_up,"createdAt","updatedAt") VALUES ('FALSE','Damien',527,'Pereira De Sa Roli',5,13,0,0,1,0,'2020-06-17 09:00:00+07','2020-06-17 09:00:00+07');
INSERT INTO players(deleted_row,updatedby,id,name,position_id,club_id,rate,goal,price,start_line_up,"createdAt","updatedAt") VALUES ('FALSE','Damien',528,'Bessile Loic',2,2,0,0,1,0,'2020-06-17 09:00:00+07','2020-06-17 09:00:00+07');
INSERT INTO players(deleted_row,updatedby,id,name,position_id,club_id,rate,goal,price,start_line_up,"createdAt","updatedAt") VALUES ('FALSE','Damien',529,'Flips Alexis',5,6,0,0,1,0,'2020-06-17 09:00:00+07','2020-06-17 09:00:00+07');
INSERT INTO players(deleted_row,updatedby,id,name,position_id,club_id,rate,goal,price,start_line_up,"createdAt","updatedAt") VALUES ('FALSE','Damien',530,'Elhadji Djibril Diaw ',2,1,0,0,1,0,'2020-06-17 09:00:00+07','2020-06-17 09:00:00+07');
INSERT INTO players(deleted_row,updatedby,id,name,position_id,club_id,rate,goal,price,start_line_up,"createdAt","updatedAt") VALUES ('FALSE','Damien',531,'Karraoui Amine',6,15,0,0,1,0,'2020-06-17 09:00:00+07','2020-06-17 09:00:00+07');
INSERT INTO players(deleted_row,updatedby,id,name,position_id,club_id,rate,goal,price,start_line_up,"createdAt","updatedAt") VALUES ('FALSE','Damien',532,'Guendouz Alexis',1,19,0,0,1,0,'2020-06-17 09:00:00+07','2020-06-17 09:00:00+07');
INSERT INTO players(deleted_row,updatedby,id,name,position_id,club_id,rate,goal,price,start_line_up,"createdAt","updatedAt") VALUES ('FALSE','Damien',533,'Souici Rayan',2,19,0,0,1,0,'2020-06-17 09:00:00+07','2020-06-17 09:00:00+07');
INSERT INTO players(deleted_row,updatedby,id,name,position_id,club_id,rate,goal,price,start_line_up,"createdAt","updatedAt") VALUES ('FALSE','Damien',534,'Dabo Abdoulaye',5,13,0,0,1,0,'2020-06-17 09:00:00+07','2020-06-17 09:00:00+07');
INSERT INTO players(deleted_row,updatedby,id,name,position_id,club_id,rate,goal,price,start_line_up,"createdAt","updatedAt") VALUES ('FALSE','Damien',535,'Diallo Namakoro',3,18,0,0,1,0,'2020-06-17 09:00:00+07','2020-06-17 09:00:00+07');
INSERT INTO players(deleted_row,updatedby,id,name,position_id,club_id,rate,goal,price,start_line_up,"createdAt","updatedAt") VALUES ('FALSE','Damien',536,'Ouro-Sama Hakim',2,6,0,0,1,0,'2020-06-17 09:00:00+07','2020-06-17 09:00:00+07');
INSERT INTO players(deleted_row,updatedby,id,name,position_id,club_id,rate,goal,price,start_line_up,"createdAt","updatedAt") VALUES ('FALSE','Damien',537,'Racioppi Anthony',1,4,0,0,1,0,'2020-06-17 09:00:00+07','2020-06-17 09:00:00+07');
INSERT INTO players(deleted_row,updatedby,id,name,position_id,club_id,rate,goal,price,start_line_up,"createdAt","updatedAt") VALUES ('FALSE','Damien',538,'Ben Amar Sami',6,15,0,0,1,0,'2020-06-17 09:00:00+07','2020-06-17 09:00:00+07');
INSERT INTO players(deleted_row,updatedby,id,name,position_id,club_id,rate,goal,price,start_line_up,"createdAt","updatedAt") VALUES ('FALSE','Damien',539,'Sakava Moise',4,17,0,0,1,0,'2020-06-17 09:00:00+07','2020-06-17 09:00:00+07');
INSERT INTO players(deleted_row,updatedby,id,name,position_id,club_id,rate,goal,price,start_line_up,"createdAt","updatedAt") VALUES ('FALSE','Damien',540,'Mandanda Over',1,2,0,0,1,0,'2020-06-17 09:00:00+07','2020-06-17 09:00:00+07');
INSERT INTO players(deleted_row,updatedby,id,name,position_id,club_id,rate,goal,price,start_line_up,"createdAt","updatedAt") VALUES ('FALSE','Damien',541,'Aaneba Ismael',2,20,0,0,1,0,'2020-06-17 09:00:00+07','2020-06-17 09:00:00+07');
INSERT INTO players(deleted_row,updatedby,id,name,position_id,club_id,rate,goal,price,start_line_up,"createdAt","updatedAt") VALUES ('FALSE','Damien',542,'Gouano Gobe',6,11,0,0,1,0,'2020-06-17 09:00:00+07','2020-06-17 09:00:00+07');
INSERT INTO players(deleted_row,updatedby,id,name,position_id,club_id,rate,goal,price,start_line_up,"createdAt","updatedAt") VALUES ('FALSE','Damien',543,'Guessoum Kelyan',2,15,0,0,1,0,'2020-06-17 09:00:00+07','2020-06-17 09:00:00+07');
INSERT INTO players(deleted_row,updatedby,id,name,position_id,club_id,rate,goal,price,start_line_up,"createdAt","updatedAt") VALUES ('FALSE','Damien',544,'Ammour Yannis',5,12,0,0,1,0,'2020-06-17 09:00:00+07','2020-06-17 09:00:00+07');
INSERT INTO players(deleted_row,updatedby,id,name,position_id,club_id,rate,goal,price,start_line_up,"createdAt","updatedAt") VALUES ('FALSE','Damien',545,'Bakali Wawina Jonathan',6,11,0,0,1,0,'2020-06-17 09:00:00+07','2020-06-17 09:00:00+07');
INSERT INTO players(deleted_row,updatedby,id,name,position_id,club_id,rate,goal,price,start_line_up,"createdAt","updatedAt") VALUES ('FALSE','Damien',546,'Ntumba Levi',1,4,0,0,1,0,'2020-06-17 09:00:00+07','2020-06-17 09:00:00+07');
INSERT INTO players(deleted_row,updatedby,id,name,position_id,club_id,rate,goal,price,start_line_up,"createdAt","updatedAt") VALUES ('FALSE','Damien',547,'Diarra Ibrahim',6,2,0,0,1,0,'2020-06-17 09:00:00+07','2020-06-17 09:00:00+07');
INSERT INTO players(deleted_row,updatedby,id,name,position_id,club_id,rate,goal,price,start_line_up,"createdAt","updatedAt") VALUES ('FALSE','Damien',548,'Sow Ansou',6,5,0,0,1,0,'2020-06-17 09:00:00+07','2020-06-17 09:00:00+07');
INSERT INTO players(deleted_row,updatedby,id,name,position_id,club_id,rate,goal,price,start_line_up,"createdAt","updatedAt") VALUES ('FALSE','Damien',549,'Chabrolle Florian',5,9,0,0,1,0,'2020-06-17 09:00:00+07','2020-06-17 09:00:00+07');
INSERT INTO players(deleted_row,updatedby,id,name,position_id,club_id,rate,goal,price,start_line_up,"createdAt","updatedAt") VALUES ('FALSE','Damien',550,'Pelletier Louis',1,20,0,0,1,0,'2020-06-17 09:00:00+07','2020-06-17 09:00:00+07');
INSERT INTO players(deleted_row,updatedby,id,name,position_id,club_id,rate,goal,price,start_line_up,"createdAt","updatedAt") VALUES ('FALSE','Damien',551,'Augarreau Cedric',4,8,0,0,1,0,'2020-06-17 09:00:00+07','2020-06-17 09:00:00+07');
INSERT INTO players(deleted_row,updatedby,id,name,position_id,club_id,rate,goal,price,start_line_up,"createdAt","updatedAt") VALUES ('FALSE','Damien',552,'Kapo Maxen',4,16,0,0,1,0,'2020-06-17 09:00:00+07','2020-06-17 09:00:00+07');
INSERT INTO players(deleted_row,updatedby,id,name,position_id,club_id,rate,goal,price,start_line_up,"createdAt","updatedAt") VALUES ('FALSE','Damien',553,'Lacroix Lenny',2,10,0,0,1,0,'2020-06-17 09:00:00+07','2020-06-17 09:00:00+07');
INSERT INTO players(deleted_row,updatedby,id,name,position_id,club_id,rate,goal,price,start_line_up,"createdAt","updatedAt") VALUES ('FALSE','Damien',554,'Mouanga Kevin',2,1,0,0,1,0,'2020-06-17 09:00:00+07','2020-06-17 09:00:00+07');
INSERT INTO players(deleted_row,updatedby,id,name,position_id,club_id,rate,goal,price,start_line_up,"createdAt","updatedAt") VALUES ('FALSE','Damien',555,'Bartouche Teddy',1,7,0,0,1,0,'2020-06-17 09:00:00+07','2020-06-17 09:00:00+07');
INSERT INTO players(deleted_row,updatedby,id,name,position_id,club_id,rate,goal,price,start_line_up,"createdAt","updatedAt") VALUES ('FALSE','Damien',556,'Mbenga Modeste Duku',5,8,0,0,1,0,'2020-06-17 09:00:00+07','2020-06-17 09:00:00+07');
INSERT INTO players(deleted_row,updatedby,id,name,position_id,club_id,rate,goal,price,start_line_up,"createdAt","updatedAt") VALUES ('FALSE','Damien',557,'Phliponeau Alexandre',4,9,0,0,1,0,'2020-06-17 09:00:00+07','2020-06-17 09:00:00+07');
INSERT INTO players(deleted_row,updatedby,id,name,position_id,club_id,rate,goal,price,start_line_up,"createdAt","updatedAt") VALUES ('FALSE','Damien',558,'Carvalho Matis',1,12,0,0,1,0,'2020-06-17 09:00:00+07','2020-06-17 09:00:00+07');
INSERT INTO players(deleted_row,updatedby,id,name,position_id,club_id,rate,goal,price,start_line_up,"createdAt","updatedAt") VALUES ('FALSE','Damien',559,'Tshibuabua Marvin',2,19,0,0,1,0,'2020-06-17 09:00:00+07','2020-06-17 09:00:00+07');
INSERT INTO players(deleted_row,updatedby,id,name,position_id,club_id,rate,goal,price,start_line_up,"createdAt","updatedAt") VALUES ('FALSE','Damien',560,'Dialy Ndiaye ',1,17,0,0,1,0,'2020-06-17 09:00:00+07','2020-06-17 09:00:00+07');
INSERT INTO players(deleted_row,updatedby,id,name,position_id,club_id,rate,goal,price,start_line_up,"createdAt","updatedAt") VALUES ('FALSE','Damien',561,'Traore Boubacar',4,10,0,0,1,0,'2020-06-17 09:00:00+07','2020-06-17 09:00:00+07');
INSERT INTO players(deleted_row,updatedby,id,name,position_id,club_id,rate,goal,price,start_line_up,"createdAt","updatedAt") VALUES ('FALSE','Damien',562,'Mara Sekou',6,2,0,0,1,0,'2020-06-17 09:00:00+07','2020-06-17 09:00:00+07');
INSERT INTO players(deleted_row,updatedby,id,name,position_id,club_id,rate,goal,price,start_line_up,"createdAt","updatedAt") VALUES ('FALSE','Damien',563,'Nazih Amjhad',1,15,0,0,1,0,'2020-06-17 09:00:00+07','2020-06-17 09:00:00+07');
INSERT INTO players(deleted_row,updatedby,id,name,position_id,club_id,rate,goal,price,start_line_up,"createdAt","updatedAt") VALUES ('FALSE','Damien',564,'Richard Richecarde',3,9,0,0,1,0,'2020-06-17 09:00:00+07','2020-06-17 09:00:00+07');
INSERT INTO players(deleted_row,updatedby,id,name,position_id,club_id,rate,goal,price,start_line_up,"createdAt","updatedAt") VALUES ('FALSE','Damien',565,'Wade Paul',4,14,0,0,1,0,'2020-06-17 09:00:00+07','2020-06-17 09:00:00+07');
INSERT INTO players(deleted_row,updatedby,id,name,position_id,club_id,rate,goal,price,start_line_up,"createdAt","updatedAt") VALUES ('FALSE','Damien',566,'Homawoo Josue',2,13,0,0,1,0,'2020-06-17 09:00:00+07','2020-06-17 09:00:00+07');
INSERT INTO players(deleted_row,updatedby,id,name,position_id,club_id,rate,goal,price,start_line_up,"createdAt","updatedAt") VALUES ('FALSE','Damien',567,'Ben Achour Adil',5,12,0,0,1,0,'2020-06-17 09:00:00+07','2020-06-17 09:00:00+07');
INSERT INTO players(deleted_row,updatedby,id,name,position_id,club_id,rate,goal,price,start_line_up,"createdAt","updatedAt") VALUES ('FALSE','Damien',568,'Tamas Thibault',3,12,0,0,1,0,'2020-06-17 09:00:00+07','2020-06-17 09:00:00+07');
INSERT INTO players(deleted_row,updatedby,id,name,position_id,club_id,rate,goal,price,start_line_up,"createdAt","updatedAt") VALUES ('FALSE','Damien',569,'Lottin Albert-Nicolas',4,2,0,0,1,0,'2020-06-17 09:00:00+07','2020-06-17 09:00:00+07');
INSERT INTO players(deleted_row,updatedby,id,name,position_id,club_id,rate,goal,price,start_line_up,"createdAt","updatedAt") VALUES ('FALSE','Damien',570,'Rahou Jores',5,9,0,0,1,0,'2020-06-17 09:00:00+07','2020-06-17 09:00:00+07');
INSERT INTO players(deleted_row,updatedby,id,name,position_id,club_id,rate,goal,price,start_line_up,"createdAt","updatedAt") VALUES ('FALSE','Damien',571,'Chevalier Lucas',1,6,0,0,1,0,'2020-06-17 09:00:00+07','2020-06-17 09:00:00+07');
INSERT INTO players(deleted_row,updatedby,id,name,position_id,club_id,rate,goal,price,start_line_up,"createdAt","updatedAt") VALUES ('FALSE','Damien',572,'Rouyard Davy',1,2,0,0,1,0,'2020-06-17 09:00:00+07','2020-06-17 09:00:00+07');
INSERT INTO players(deleted_row,updatedby,id,name,position_id,club_id,rate,goal,price,start_line_up,"createdAt","updatedAt") VALUES ('FALSE','Damien',573,'Sow Ismael',3,2,0,0,1,0,'2020-06-17 09:00:00+07','2020-06-17 09:00:00+07');
INSERT INTO players(deleted_row,updatedby,id,name,position_id,club_id,rate,goal,price,start_line_up,"createdAt","updatedAt") VALUES ('FALSE','Damien',574,'Cardoso David',2,2,0,0,1,0,'2020-06-17 09:00:00+07','2020-06-17 09:00:00+07');
INSERT INTO players(deleted_row,updatedby,id,name,position_id,club_id,rate,goal,price,start_line_up,"createdAt","updatedAt") VALUES ('FALSE','Damien',575,'Green Etienne',1,19,0,0,1,0,'2020-06-17 09:00:00+07','2020-06-17 09:00:00+07');
INSERT INTO players(deleted_row,updatedby,id,name,position_id,club_id,rate,goal,price,start_line_up,"createdAt","updatedAt") VALUES ('FALSE','Damien',576,'Dia Ahmadou',1,9,0,0,1,0,'2020-06-17 09:00:00+07','2020-06-17 09:00:00+07');
INSERT INTO players(deleted_row,updatedby,id,name,position_id,club_id,rate,goal,price,start_line_up,"createdAt","updatedAt") VALUES ('FALSE','Damien',577,'Moustache Wesley',3,13,0,0,1,0,'2020-06-17 09:00:00+07','2020-06-17 09:00:00+07');
INSERT INTO players(deleted_row,updatedby,id,name,position_id,club_id,rate,goal,price,start_line_up,"createdAt","updatedAt") VALUES ('FALSE','Damien',578,'Ngapandouetnbu Simon',1,9,0,0,1,0,'2020-06-17 09:00:00+07','2020-06-17 09:00:00+07');
INSERT INTO players(deleted_row,updatedby,id,name,position_id,club_id,rate,goal,price,start_line_up,"createdAt","updatedAt") VALUES ('FALSE','Damien',579,'Damergy Elias',1,18,0,0,1,0,'2020-06-17 09:00:00+07','2020-06-17 09:00:00+07');
INSERT INTO players(deleted_row,updatedby,id,name,position_id,club_id,rate,goal,price,start_line_up,"createdAt","updatedAt") VALUES ('FALSE','Damien',580,' zkacar Cenk',2,8,0,0,1,0,'2020-06-17 09:00:00+07','2020-06-17 09:00:00+07');
INSERT INTO players(deleted_row,updatedby,id,name,position_id,club_id,rate,goal,price,start_line_up,"createdAt","updatedAt") VALUES ('FALSE','Damien',581,'Valerio Antoine',5,15,0,0,1,0,'2020-06-17 09:00:00+07','2020-06-17 09:00:00+07');
INSERT INTO players(deleted_row,updatedby,id,name,position_id,club_id,rate,goal,price,start_line_up,"createdAt","updatedAt") VALUES ('FALSE','Damien',582,'Ouattara Fadiga',6,6,0,0,1,0,'2020-06-17 09:00:00+07','2020-06-17 09:00:00+07');
INSERT INTO players(deleted_row,updatedby,id,name,position_id,club_id,rate,goal,price,start_line_up,"createdAt","updatedAt") VALUES ('FALSE','Damien',583,'Kamara Abdoulaye',4,16,0,0,1,0,'2020-06-17 09:00:00+07','2020-06-17 09:00:00+07');
INSERT INTO players(deleted_row,updatedby,id,name,position_id,club_id,rate,goal,price,start_line_up,"createdAt","updatedAt") VALUES ('FALSE','Damien',584,'Michut Edouard',4,16,0,0,1,0,'2020-06-17 09:00:00+07','2020-06-17 09:00:00+07');
INSERT INTO players(deleted_row,updatedby,id,name,position_id,club_id,rate,goal,price,start_line_up,"createdAt","updatedAt") VALUES ('FALSE','Damien',585,'Simons Xavi',4,16,0,0,1,0,'2020-06-17 09:00:00+07','2020-06-17 09:00:00+07');
INSERT INTO players(deleted_row,updatedby,id,name,position_id,club_id,rate,goal,price,start_line_up,"createdAt","updatedAt") VALUES ('FALSE','Damien',586,'Bonet Pepe',1,18,0,0,1,0,'2020-06-17 09:00:00+07','2020-06-17 09:00:00+07');
INSERT INTO players(deleted_row,updatedby,id,name,position_id,club_id,rate,goal,price,start_line_up,"createdAt","updatedAt") VALUES ('FALSE','Damien',587,'Taibi Waniss',5,1,0,0,1,0,'2020-06-17 09:00:00+07','2020-06-17 09:00:00+07');
INSERT INTO players(deleted_row,updatedby,id,name,position_id,club_id,rate,goal,price,start_line_up,"createdAt","updatedAt") VALUES ('FALSE','Damien',588,'Rabouille Valentin',1,15,0,0,1,0,'2020-06-17 09:00:00+07','2020-06-17 09:00:00+07');
INSERT INTO players(deleted_row,updatedby,id,name,position_id,club_id,rate,goal,price,start_line_up,"createdAt","updatedAt") VALUES ('FALSE','Damien',589,'Diawara Kandet',4,5,0,0,1,0,'2020-06-17 09:00:00+07','2020-06-17 09:00:00+07');
INSERT INTO players(deleted_row,updatedby,id,name,position_id,club_id,rate,goal,price,start_line_up,"createdAt","updatedAt") VALUES ('FALSE','Damien',590,'Chadli Nassim',6,15,0,0,1,0,'2020-06-17 09:00:00+07','2020-06-17 09:00:00+07');
INSERT INTO players(deleted_row,updatedby,id,name,position_id,club_id,rate,goal,price,start_line_up,"createdAt","updatedAt") VALUES ('FALSE','Damien',591,'Nagera Kenny',6,16,0,0,1,0,'2020-06-17 09:00:00+07','2020-06-17 09:00:00+07');
INSERT INTO players(deleted_row,updatedby,id,name,position_id,club_id,rate,goal,price,start_line_up,"createdAt","updatedAt") VALUES ('FALSE','Damien',592,'Valls Lucas',4,15,0,0,1,0,'2020-06-17 09:00:00+07','2020-06-17 09:00:00+07');
INSERT INTO players(deleted_row,updatedby,id,name,position_id,club_id,rate,goal,price,start_line_up,"createdAt","updatedAt") VALUES ('FALSE','Damien',593,'Petit Victor',4,19,0,0,1,0,'2020-06-17 09:00:00+07','2020-06-17 09:00:00+07');
INSERT INTO players(deleted_row,updatedby,id,name,position_id,club_id,rate,goal,price,start_line_up,"createdAt","updatedAt") VALUES ('FALSE','Damien',594,'Cretier Noah',2,14,0,0,1,0,'2020-06-17 09:00:00+07','2020-06-17 09:00:00+07');
INSERT INTO players(deleted_row,updatedby,id,name,position_id,club_id,rate,goal,price,start_line_up,"createdAt","updatedAt") VALUES ('FALSE','Damien',595,'Megier Julien',2,15,0,0,1,0,'2020-06-17 09:00:00+07','2020-06-17 09:00:00+07');
INSERT INTO players(deleted_row,updatedby,id,name,position_id,club_id,rate,goal,price,start_line_up,"createdAt","updatedAt") VALUES ('FALSE','Damien',596,'Assignon Lorenz',3,18,0,0,1,0,'2020-06-17 09:00:00+07','2020-06-17 09:00:00+07');
INSERT INTO players(deleted_row,updatedby,id,name,position_id,club_id,rate,goal,price,start_line_up,"createdAt","updatedAt") VALUES ('FALSE','Damien',597,'Oudjani Adam',5,5,0,0,1,0,'2020-06-17 09:00:00+07','2020-06-17 09:00:00+07');
INSERT INTO players(deleted_row,updatedby,id,name,position_id,club_id,rate,goal,price,start_line_up,"createdAt","updatedAt") VALUES ('FALSE','Damien',598,'Souare Cheick',4,9,0,0,1,0,'2020-06-17 09:00:00+07','2020-06-17 09:00:00+07');
INSERT INTO players(deleted_row,updatedby,id,name,position_id,club_id,rate,goal,price,start_line_up,"createdAt","updatedAt") VALUES ('FALSE','Damien',599,'Ahmed Nassim',4,9,0,0,1,0,'2020-06-17 09:00:00+07','2020-06-17 09:00:00+07');
INSERT INTO players(deleted_row,updatedby,id,name,position_id,club_id,rate,goal,price,start_line_up,"createdAt","updatedAt") VALUES ('FALSE','Damien',600,'Bertelli Ugo',4,9,0,0,1,0,'2020-06-17 09:00:00+07','2020-06-17 09:00:00+07');
INSERT INTO players(deleted_row,updatedby,id,name,position_id,club_id,rate,goal,price,start_line_up,"createdAt","updatedAt") VALUES ('FALSE','Damien',601,'Kamardin Aaron',2,9,0,0,1,0,'2020-06-17 09:00:00+07','2020-06-17 09:00:00+07');
INSERT INTO players(deleted_row,updatedby,id,name,position_id,club_id,rate,goal,price,start_line_up,"createdAt","updatedAt") VALUES ('FALSE','Damien',602,'Ekitike Hugo',5,17,0,0,1,0,'2020-06-17 09:00:00+07','2020-06-17 09:00:00+07');
INSERT INTO players(deleted_row,updatedby,id,name,position_id,club_id,rate,goal,price,start_line_up,"createdAt","updatedAt") VALUES ('FALSE','Damien',603,'Jan Charly',1,13,0,0,1,0,'2020-06-17 09:00:00+07','2020-06-17 09:00:00+07');
INSERT INTO players(deleted_row,updatedby,id,name,position_id,club_id,rate,goal,price,start_line_up,"createdAt","updatedAt") VALUES ('FALSE','Damien',604,'Bemanga Kevin',5,1,0,0,1,0,'2020-06-17 09:00:00+07','2020-06-17 09:00:00+07');
INSERT INTO players(deleted_row,updatedby,id,name,position_id,club_id,rate,goal,price,start_line_up,"createdAt","updatedAt") VALUES ('FALSE','Damien',605,'Said Rafiki',6,3,0,0,1,0,'2020-06-17 09:00:00+07','2020-06-17 09:00:00+07');
INSERT INTO players(deleted_row,updatedby,id,name,position_id,club_id,rate,goal,price,start_line_up,"createdAt","updatedAt") VALUES ('FALSE','Damien',606,'Dioh Idrissa',4,3,0,0,1,0,'2020-06-17 09:00:00+07','2020-06-17 09:00:00+07');
INSERT INTO players(deleted_row,updatedby,id,name,position_id,club_id,rate,goal,price,start_line_up,"createdAt","updatedAt") VALUES ('FALSE','Damien',607,'Racovitan Bogdan',2,4,0,0,1,0,'2020-06-17 09:00:00+07','2020-06-17 09:00:00+07');
INSERT INTO players(deleted_row,updatedby,id,name,position_id,club_id,rate,goal,price,start_line_up,"createdAt","updatedAt") VALUES ('FALSE','Damien',608,'Arli Amir',5,4,0,0,1,0,'2020-06-17 09:00:00+07','2020-06-17 09:00:00+07');
INSERT INTO players(deleted_row,updatedby,id,name,position_id,club_id,rate,goal,price,start_line_up,"createdAt","updatedAt") VALUES ('FALSE','Damien',609,'Boma Kevin',2,1,0,0,1,0,'2020-06-17 09:00:00+07','2020-06-17 09:00:00+07');
INSERT INTO players(deleted_row,updatedby,id,name,position_id,club_id,rate,goal,price,start_line_up,"createdAt","updatedAt") VALUES ('FALSE','Damien',610,'Benvindo Killian',5,3,0,0,1,0,'2020-06-17 09:00:00+07','2020-06-17 09:00:00+07');
INSERT INTO players(deleted_row,updatedby,id,name,position_id,club_id,rate,goal,price,start_line_up,"createdAt","updatedAt") VALUES ('FALSE','Damien',611,'Ben Seghir Salim',6,14,0,0,1,0,'2020-06-17 09:00:00+07','2020-06-17 09:00:00+07');
INSERT INTO players(deleted_row,updatedby,id,name,position_id,club_id,rate,goal,price,start_line_up,"createdAt","updatedAt") VALUES ('FALSE','Damien',612,'Vanni Fabio',1,9,0,0,1,0,'2020-06-17 09:00:00+07','2020-06-17 09:00:00+07');
INSERT INTO players(deleted_row,updatedby,id,name,position_id,club_id,rate,goal,price,start_line_up,"createdAt","updatedAt") VALUES ('FALSE','Damien',613,'Pionnier Bertrand Theo',3,14,0,0,1,0,'2020-06-17 09:00:00+07','2020-06-17 09:00:00+07');
INSERT INTO players(deleted_row,updatedby,id,name,position_id,club_id,rate,goal,price,start_line_up,"createdAt","updatedAt") VALUES ('FALSE','Damien',614,'Kari Soudeysse',4,14,0,0,1,0,'2020-06-17 09:00:00+07','2020-06-17 09:00:00+07');
INSERT INTO players(deleted_row,updatedby,id,name,position_id,club_id,rate,goal,price,start_line_up,"createdAt","updatedAt") VALUES ('FALSE','Damien',615,'Sellouki Malik',4,14,0,0,1,0,'2020-06-17 09:00:00+07','2020-06-17 09:00:00+07');
INSERT INTO players(deleted_row,updatedby,id,name,position_id,club_id,rate,goal,price,start_line_up,"createdAt","updatedAt") VALUES ('FALSE','Damien',616,'Parsemain Alexandre',6,14,0,0,1,0,'2020-06-17 09:00:00+07','2020-06-17 09:00:00+07');

